payment_id,transaction_id,invoice_id,payment_date,customer_id,amount,currency,payment_method,status_payment,settlement_id,settlement_date,settled_amount,fees,tax,status_settlement,customer_id_invoice,invoice_amount,paid_amount,status,issues,is_reconciled,reconciliation_status
PAY00001,TXN00001,INV00001,2026-07-02,CUST0058,74284.27,INR,CARD,SUCCESS,SET00001,2026-07-03,74284.27,1114.26,200.57,SETTLED,CUST0058,74284.27,74284.27,PAID,NONE,True,MATCHED
PAY00002,TXN00002,INV00002,2026-07-06,CUST0280,59254.0,INR,UPI,SUCCESS,SET00002,2026-07-07,59254.0,888.81,159.99,SETTLED,CUST0280,59254.0,59254.0,PAID,NONE,True,MATCHED
PAY00003,TXN00003,INV00003,2026-08-08,CUST0259,3140.33,INR,CARD,SUCCESS,SET00003,2026-08-11,3140.33,47.1,8.48,SETTLED,CUST0259,3140.33,3140.33,PAID,NONE,True,MATCHED
PAY00004,TXN00004,INV00004,2026-07-15,CUST0215,45196.3,INR,NETBANKING,SUCCESS,SET00004,2026-07-16,45196.3,677.94,122.03,SETTLED,CUST0215,45196.3,45196.3,PAID,NONE,True,MATCHED
PAY00005,TXN00005,INV00005,2026-07-22,CUST0217,28148.2,INR,CARD,SUCCESS,SET00005,2026-07-24,28148.2,422.22,76.0,SETTLED,CUST0217,30162.88,28148.2,PAID,INVOICE_MISMATCH,False,EXCEPTION
PAY00006,TXN00006,INV00006,2026-07-23,CUST0050,84825.69,INR,NETBANKING,SUCCESS,SET00006,2026-07-25,84825.69,1272.39,229.03,SETTLED,CUST0050,84825.69,84825.69,PAID,NONE,True,MATCHED
PAY00007,TXN00007,INV00007,2026-07-08,CUST0275,97325.02,INR,WALLET,SUCCESS,SET00007,2026-07-11,97325.02,1459.88,262.78,SETTLED,CUST0275,97325.02,97325.02,PAID,NONE,True,MATCHED
PAY00008,TXN00008,INV00008,2026-08-06,CUST0186,19632.71,INR,UPI,SUCCESS,SET00008,2026-08-08,19632.71,294.49,53.01,SETTLED,CUST0186,19632.71,19632.71,PAID,NONE,True,MATCHED
PAY00009,TXN00009,INV00009,2026-07-15,CUST0041,86715.12,INR,WALLET,SUCCESS,SET00009,2026-07-17,86715.12,1300.73,234.13,SETTLED,CUST0041,86715.12,86715.12,PAID,NONE,True,MATCHED
PAY00010,TXN00010,INV00010,2026-07-24,CUST0084,35849.43,INR,NETBANKING,SUCCESS,SET00010,2026-07-27,35849.43,537.74,96.79,SETTLED,CUST0084,35849.43,35849.43,PAID,NONE,True,MATCHED
PAY00011,TXN00011,INV00011,2026-08-08,CUST0037,63680.34,INR,CARD,SUCCESS,SET00011,2026-08-10,63680.34,955.21,171.94,SETTLED,CUST0037,63680.34,63680.34,PAID,NONE,True,MATCHED
PAY00012,TXN00012,INV00012,2026-07-15,CUST0286,68619.12,INR,UPI,SUCCESS,SET00012,2026-07-17,68619.12,1029.29,185.27,SETTLED,CUST0286,68619.12,68619.12,PAID,NONE,True,MATCHED
PAY00013,TXN00013,INV00013,2026-07-18,CUST0206,7085.77,INR,NETBANKING,SUCCESS,SET00013,2026-07-20,7085.77,106.29,19.13,SETTLED,CUST0206,7085.77,7085.77,PAID,NONE,True,MATCHED
PAY00014,TXN00014,INV00014,2026-07-10,CUST0235,26855.58,INR,CARD,SUCCESS,SET00014,2026-07-12,26855.58,402.83,72.51,SETTLED,CUST0235,26855.58,26855.58,PAID,NONE,True,MATCHED
PAY00015,TXN00015,INV00015,2026-07-28,CUST0300,89833.38,INR,WALLET,SUCCESS,SET00015,2026-07-31,89833.38,1347.5,242.55,SETTLED,CUST0300,89833.38,89833.38,PAID,NONE,True,MATCHED
PAY00016,TXN00016,INV00016,2026-07-06,CUST0253,75700.32,INR,UPI,SUCCESS,SET00016,2026-07-09,75700.32,1135.5,204.39,SETTLED,CUST0253,75700.32,75700.32,PAID,NONE,True,MATCHED
PAY00017,TXN00017,INV00017,2026-08-08,CUST0217,6821.01,INR,WALLET,SUCCESS,SET00017,2026-08-11,6821.01,102.32,18.42,SETTLED,CUST0217,6821.01,6821.01,PAID,NONE,True,MATCHED
PAY00018,TXN00018,INV00018,2026-08-05,CUST0129,86147.58,INR,UPI,SUCCESS,SET00018,2026-08-08,86147.58,1292.21,232.6,SETTLED,CUST0129,86147.58,86147.58,PAID,NONE,True,MATCHED
PAY00019,TXN00019,INV00019,2026-08-18,CUST0275,27049.11,INR,NETBANKING,SUCCESS,SET00019,2026-08-19,27049.11,405.74,73.03,SETTLED,CUST0275,27049.11,27049.11,PAID,NONE,True,MATCHED
PAY00020,TXN00020,INV00020,2026-07-01,CUST0233,95404.68,INR,NETBANKING,SUCCESS,SET00020,2026-07-02,95404.68,1431.07,257.59,SETTLED,CUST0233,99333.51,95404.68,PAID,INVOICE_MISMATCH,False,EXCEPTION
PAY00021,TXN00021,INV00021,2026-08-10,CUST0153,51012.46,INR,CARD,SUCCESS,SET00021,2026-08-13,51012.46,765.19,137.73,SETTLED,CUST0153,51012.46,51012.46,PAID,NONE,True,MATCHED
PAY00022,TXN00022,INV00022,2026-07-01,CUST0272,60094.99,INR,WALLET,SUCCESS,SET00022,2026-07-03,60094.99,901.42,162.26,SETTLED,CUST0272,60094.99,60094.99,PAID,NONE,True,MATCHED
PAY00023,TXN00023,INV00023,2026-07-04,CUST0123,24466.72,INR,UPI,SUCCESS,SET00023,2026-07-05,24466.72,367.0,66.06,SETTLED,CUST0123,24466.72,24466.72,PAID,NONE,True,MATCHED
PAY00024,TXN00024,INV00024,2026-08-19,CUST0273,13013.17,INR,WALLET,SUCCESS,SET00024,2026-08-21,13013.17,195.2,35.14,SETTLED,CUST0273,13013.17,13013.17,PAID,DUPLICATE_PAYMENT,False,EXCEPTION
PAY00024_DUP,TXN00024_DUP,INV00024,2026-08-19,CUST0273,13013.17,INR,WALLET,SUCCESS,,,,,,,CUST0273,13013.17,13013.17,PAID,MISSING_SETTLEMENT;DUPLICATE_PAYMENT,False,EXCEPTION
PAY00025,TXN00025,INV00025,2026-08-08,CUST0271,42602.23,INR,CARD,SUCCESS,,,,,,,CUST0271,42602.23,42602.23,PAID,MISSING_SETTLEMENT,False,EXCEPTION
PAY00026,TXN00026,INV00026,2026-08-15,CUST0103,31515.77,INR,NETBANKING,SUCCESS,SET00026,2026-08-17,31515.77,472.74,85.09,SETTLED,CUST0103,31515.77,31515.77,PAID,NONE,True,MATCHED
PAY00027,TXN00027,INV00027,2026-07-16,CUST0062,22857.39,INR,NETBANKING,SUCCESS,SET00027,2026-07-17,22857.39,342.86,61.71,SETTLED,CUST0062,22857.39,22857.39,PAID,NONE,True,MATCHED
PAY00028,TXN00028,INV00028,2026-07-01,CUST0113,7563.81,INR,UPI,SUCCESS,SET00028,2026-07-03,7563.81,113.46,20.42,SETTLED,CUST0113,7563.81,7563.81,PAID,NONE,True,MATCHED
PAY00029,TXN00029,INV00029,2026-08-02,CUST0037,24181.46,INR,WALLET,SUCCESS,SET00029,2026-08-05,24181.46,362.72,65.29,SETTLED,CUST0037,24181.46,24181.46,PAID,NONE,True,MATCHED
PAY00030,TXN00030,INV00030,2026-08-06,CUST0293,47530.77,INR,WALLET,SUCCESS,SET00030,2026-08-07,47530.77,712.96,128.33,SETTLED,CUST0293,47530.77,47530.77,PAID,NONE,True,MATCHED
PAY00031,TXN00031,INV00031,2026-08-12,CUST0050,43389.59,INR,WALLET,SUCCESS,SET00031,2026-08-13,43389.59,650.84,117.15,SETTLED,CUST0050,43389.59,43389.59,PAID,NONE,True,MATCHED
PAY00032,TXN00032,INV00032,2026-07-04,CUST0051,40560.82,INR,NETBANKING,SUCCESS,SET00032,2026-07-05,40560.82,608.41,109.51,SETTLED,CUST0051,40560.82,40560.82,PAID,NONE,True,MATCHED
PAY00033,TXN00033,INV00033,2026-07-13,CUST0099,53860.43,INR,CARD,SUCCESS,SET00033,2026-07-15,53860.43,807.91,145.42,SETTLED,CUST0099,53860.43,53860.43,PAID,NONE,True,MATCHED
PAY00034,TXN00034,INV00034,2026-07-05,CUST0128,44591.51,INR,UPI,SUCCESS,SET00034,2026-07-06,44591.51,668.87,120.4,SETTLED,CUST0128,44591.51,44591.51,PAID,NONE,True,MATCHED
PAY00035,TXN00035,INV00035,2026-08-18,CUST0048,84945.23,INR,CARD,SUCCESS,SET00035,2026-08-19,84945.23,1274.18,229.35,SETTLED,CUST0048,84945.23,84945.23,PAID,NONE,True,MATCHED
PAY00036,TXN00036,INV00036,2026-07-04,CUST0206,16881.39,INR,UPI,SUCCESS,SET00036,2026-07-15,16881.39,253.22,45.58,SETTLED,CUST0206,16881.39,16881.39,PAID,DELAYED_SETTLEMENT,False,EXCEPTION
PAY00037,TXN00037,INV00037,2026-08-14,CUST0217,95753.11,INR,WALLET,SUCCESS,SET00037,2026-08-15,95753.11,1436.3,258.53,SETTLED,CUST0217,95753.11,95753.11,PAID,NONE,True,MATCHED
PAY00038,TXN00038,INV00038,2026-08-07,CUST0030,73705.85,INR,UPI,SUCCESS,SET00038,2026-08-08,73705.85,1105.59,199.01,SETTLED,CUST0030,73705.85,73705.85,PAID,NONE,True,MATCHED
PAY00039,TXN00039,INV00039,2026-07-31,CUST0300,50533.61,INR,CARD,SUCCESS,SET00039,2026-08-01,50533.61,758.0,136.44,SETTLED,CUST0300,50533.61,50533.61,PAID,NONE,True,MATCHED
PAY00040,TXN00040,INV00040,2026-07-05,CUST0096,59705.99,INR,CARD,SUCCESS,SET00040,2026-07-06,59705.99,895.59,161.21,SETTLED,CUST0096,59705.99,59705.99,PAID,NONE,True,MATCHED
PAY00041,TXN00041,INV00041,2026-08-08,CUST0297,4454.3,INR,UPI,SUCCESS,SET00041,2026-08-11,4454.3,66.81,12.03,SETTLED,CUST0297,4454.3,4454.3,PAID,NONE,True,MATCHED
PAY00042,TXN00042,INV00042,2026-07-21,CUST0268,93503.27,INR,CARD,SUCCESS,SET00042,2026-07-22,93503.27,1402.55,252.46,SETTLED,CUST0268,93503.27,93503.27,PAID,NONE,True,MATCHED
PAY00043,TXN00043,INV00043,2026-07-26,CUST0136,13522.39,INR,NETBANKING,SUCCESS,SET00043,2026-07-27,13522.39,202.84,36.51,SETTLED,CUST0136,13522.39,13522.39,PAID,NONE,True,MATCHED
PAY00044,TXN00044,INV00044,2026-08-09,CUST0235,99846.22,INR,UPI,SUCCESS,SET00044,2026-08-12,99846.22,1497.69,269.58,SETTLED,CUST0235,99846.22,99846.22,PAID,NONE,True,MATCHED
PAY00045,TXN00045,INV00045,2026-07-09,CUST0136,93359.31,INR,UPI,SUCCESS,SET00045,2026-07-11,92959.59,1400.39,252.07,SETTLED,CUST0136,93359.31,93359.31,PAID,AMOUNT_MISMATCH,False,EXCEPTION
PAY00046,TXN00046,INV00046,2026-08-15,CUST0279,30600.46,INR,UPI,SUCCESS,SET00046,2026-08-17,30600.46,459.01,82.62,SETTLED,CUST0279,30600.46,30600.46,PAID,NONE,True,MATCHED
PAY00047,TXN00047,INV00047,2026-07-09,CUST0054,26814.36,INR,UPI,SUCCESS,SET00047,2026-07-11,26814.36,402.22,72.4,SETTLED,CUST0054,26814.36,26814.36,PAID,NONE,True,MATCHED
PAY00048,TXN00048,INV00048,2026-08-08,CUST0145,21457.65,INR,NETBANKING,SUCCESS,SET00048,2026-08-10,21457.65,321.86,57.93,SETTLED,CUST0145,21457.65,21457.65,PAID,NONE,True,MATCHED
PAY00049,TXN00049,INV00049,2026-08-01,CUST0259,25486.56,INR,UPI,SUCCESS,SET00049,2026-08-03,25486.56,382.3,68.81,SETTLED,CUST0259,25486.56,25486.56,PAID,NONE,True,MATCHED
PAY00050,TXN00050,INV00050,2026-07-01,CUST0023,33688.88,INR,CARD,SUCCESS,SET00050,2026-07-02,33688.88,505.33,90.96,SETTLED,CUST0023,33688.88,33688.88,PAID,NONE,True,MATCHED
PAY00051,TXN00051,INV00051,2026-08-05,CUST0227,70713.91,INR,UPI,SUCCESS,SET00051,2026-08-06,70713.91,1060.71,190.93,SETTLED,CUST0227,70713.91,70713.91,PAID,NONE,True,MATCHED
PAY00052,TXN00052,INV00052,2026-07-03,CUST0280,83542.2,INR,CARD,SUCCESS,SET00052,2026-07-05,83542.2,1253.13,225.56,SETTLED,CUST0280,83542.2,83542.2,PAID,NONE,True,MATCHED
PAY00053,TXN00053,INV00053,2026-08-20,CUST0187,97233.53,INR,UPI,SUCCESS,SET00053,2026-08-23,96659.42,1458.5,262.53,SETTLED,CUST0187,97233.53,97233.53,PAID,AMOUNT_MISMATCH,False,EXCEPTION
PAY00054,TXN00054,INV00054,2026-07-23,CUST0053,78121.57,INR,WALLET,SUCCESS,SET00054,2026-07-24,78121.57,1171.82,210.93,SETTLED,CUST0053,81994.22,78121.57,PAID,INVOICE_MISMATCH,False,EXCEPTION
PAY00055,TXN00055,INV00055,2026-07-27,CUST0091,2966.24,INR,NETBANKING,SUCCESS,SET00055,2026-07-30,2966.24,44.49,8.01,SETTLED,CUST0091,2966.24,2966.24,PAID,NONE,True,MATCHED
PAY00056,TXN00056,INV00056,2026-07-18,CUST0128,16340.19,INR,UPI,SUCCESS,SET00056,2026-07-20,16340.19,245.1,44.12,SETTLED,CUST0128,16340.19,16340.19,PAID,NONE,True,MATCHED
PAY00057,TXN00057,INV00057,2026-07-13,CUST0114,81750.37,INR,WALLET,SUCCESS,SET00057,2026-07-14,81750.37,1226.26,220.73,SETTLED,CUST0114,81750.37,81750.37,PAID,NONE,True,MATCHED
PAY00058,TXN00058,INV00058,2026-08-12,CUST0013,19716.41,INR,NETBANKING,SUCCESS,SET00058,2026-08-14,19716.41,295.75,53.23,SETTLED,CUST0013,19716.41,19716.41,PAID,NONE,True,MATCHED
PAY00059,TXN00059,INV00059,2026-08-11,CUST0180,51185.86,INR,NETBANKING,SUCCESS,SET00059,2026-08-13,51185.86,767.79,138.2,SETTLED,CUST0180,51185.86,51185.86,PAID,DUPLICATE_PAYMENT,False,EXCEPTION
PAY00059_DUP,TXN00059_DUP,INV00059,2026-08-11,CUST0180,51185.86,INR,NETBANKING,SUCCESS,,,,,,,CUST0180,51185.86,51185.86,PAID,MISSING_SETTLEMENT;DUPLICATE_PAYMENT,False,EXCEPTION
PAY00060,TXN00060,INV00060,2026-08-07,CUST0092,96272.16,INR,NETBANKING,SUCCESS,SET00060,2026-08-09,96272.16,1444.08,259.93,SETTLED,CUST0092,96272.16,96272.16,PAID,NONE,True,MATCHED
PAY00061,TXN00061,INV00061,2026-08-16,CUST0177,78749.6,INR,WALLET,SUCCESS,SET00061,2026-08-17,78749.6,1181.24,212.62,SETTLED,CUST0177,78749.6,78749.6,PAID,NONE,True,MATCHED
PAY00062,TXN00062,INV00062,2026-08-06,CUST0198,19412.84,INR,UPI,SUCCESS,SET00062,2026-08-09,19412.84,291.19,52.41,SETTLED,CUST0198,19412.84,19412.84,PAID,NONE,True,MATCHED
PAY00063,TXN00063,INV00063,2026-08-13,CUST0276,72083.28,INR,CARD,SUCCESS,SET00063,2026-08-16,72083.28,1081.25,194.62,SETTLED,CUST0276,72083.28,72083.28,PAID,NONE,True,MATCHED
PAY00064,TXN00064,INV00064,2026-08-09,CUST0170,31734.61,INR,UPI,SUCCESS,SET00064,2026-08-12,31734.61,476.02,85.68,SETTLED,CUST0170,31734.61,31734.61,PAID,NONE,True,MATCHED
PAY00065,TXN00065,INV00065,2026-08-12,CUST0159,41135.09,INR,WALLET,SUCCESS,SET00065,2026-08-13,41135.09,617.03,111.07,SETTLED,CUST0159,41135.09,41135.09,PAID,NONE,True,MATCHED
PAY00066,TXN00066,INV00066,2026-07-27,CUST0099,66660.48,INR,WALLET,SUCCESS,SET00066,2026-07-30,66660.48,999.91,179.98,SETTLED,CUST0099,66660.48,66660.48,PAID,NONE,True,MATCHED
PAY00067,TXN00067,INV00067,2026-07-20,CUST0292,40904.48,INR,UPI,SUCCESS,SET00067,2026-07-22,40904.48,613.57,110.44,SETTLED,CUST0292,40904.48,40904.48,PAID,NONE,True,MATCHED
PAY00068,TXN00068,INV00068,2026-08-08,CUST0297,65643.21,INR,WALLET,SUCCESS,SET00068,2026-08-09,65643.21,984.65,177.24,SETTLED,CUST0297,65643.21,65643.21,PAID,NONE,True,MATCHED
PAY00069,TXN00069,INV00069,2026-07-31,CUST0262,79476.67,INR,CARD,SUCCESS,SET00069,2026-08-03,79476.67,1192.15,214.59,SETTLED,CUST0262,79476.67,79476.67,PAID,NONE,True,MATCHED
PAY00070,TXN00070,INV00070,2026-07-06,CUST0172,81933.13,INR,CARD,SUCCESS,SET00070,2026-07-07,81933.13,1229.0,221.22,SETTLED,CUST0172,81933.13,81933.13,PAID,NONE,True,MATCHED
PAY00071,TXN00071,INV00071,2026-07-02,CUST0076,5098.26,INR,WALLET,SUCCESS,SET00071,2026-07-04,5098.26,76.47,13.76,SETTLED,CUST0076,5098.26,5098.26,PAID,NONE,True,MATCHED
PAY00072,TXN00072,INV00072,2026-08-10,CUST0213,57779.25,INR,WALLET,SUCCESS,SET00072,2026-08-11,57779.25,866.69,156.0,SETTLED,CUST0213,57779.25,57779.25,PAID,NONE,True,MATCHED
PAY00073,TXN00073,INV00073,2026-08-18,CUST0003,86113.84,INR,UPI,SUCCESS,SET00073,2026-08-19,86113.84,1291.71,232.51,SETTLED,CUST0003,86113.84,86113.84,PAID,NONE,True,MATCHED
PAY00074,TXN00074,INV00074,2026-07-30,CUST0266,5496.73,INR,CARD,SUCCESS,,,,,,,CUST0266,5496.73,5496.73,PAID,MISSING_SETTLEMENT,False,EXCEPTION
PAY00075,TXN00075,INV00075,2026-07-30,CUST0069,66923.98,INR,NETBANKING,SUCCESS,SET00075,2026-08-02,66923.98,1003.86,180.69,SETTLED,CUST0069,71435.4,66923.98,PAID,INVOICE_MISMATCH,False,EXCEPTION
PAY00076,TXN00076,INV00076,2026-07-28,CUST0259,83141.63,INR,WALLET,SUCCESS,SET00076,2026-07-30,82186.5,1247.12,224.48,SETTLED,CUST0259,83141.63,83141.63,PAID,AMOUNT_MISMATCH,False,EXCEPTION
PAY00077,TXN00077,INV00077,2026-08-10,CUST0127,28092.48,INR,WALLET,SUCCESS,SET00077,2026-08-12,28092.48,421.39,75.85,SETTLED,CUST0127,28092.48,28092.48,PAID,NONE,True,MATCHED
PAY00078,TXN00078,INV00078,2026-08-15,CUST0040,28929.95,INR,NETBANKING,SUCCESS,SET00078,2026-08-16,28929.95,433.95,78.11,SETTLED,CUST0040,28929.95,28929.95,PAID,NONE,True,MATCHED
PAY00079,TXN00079,INV00079,2026-07-10,CUST0071,23510.52,INR,CARD,SUCCESS,SET00079,2026-07-12,23510.52,352.66,63.48,SETTLED,CUST0071,23510.52,23510.52,PAID,NONE,True,MATCHED
PAY00080,TXN00080,INV00080,2026-07-22,CUST0209,54489.81,INR,WALLET,SUCCESS,SET00080,2026-07-24,54489.81,817.35,147.12,SETTLED,CUST0209,54489.81,54489.81,PAID,NONE,True,MATCHED
PAY00081,TXN00081,INV00081,2026-08-14,CUST0300,2443.43,INR,WALLET,SUCCESS,SET00081,2026-08-16,2443.43,36.65,6.6,SETTLED,CUST0300,2443.43,2443.43,PAID,NONE,True,MATCHED
PAY00082,TXN00082,INV00082,2026-07-27,CUST0200,54052.95,INR,CARD,SUCCESS,SET00082,2026-07-29,54052.95,810.79,145.94,SETTLED,CUST0200,54052.95,54052.95,PAID,NONE,True,MATCHED
PAY00083,TXN00083,INV00083,2026-07-02,CUST0249,39191.29,INR,WALLET,SUCCESS,SET00083,2026-07-03,39191.29,587.87,105.82,SETTLED,CUST0249,39191.29,39191.29,PAID,NONE,True,MATCHED
PAY00084,TXN00084,INV00084,2026-07-02,CUST0274,90739.42,INR,UPI,SUCCESS,SET00084,2026-07-03,90739.42,1361.09,245.0,SETTLED,CUST0274,90739.42,90739.42,PAID,NONE,True,MATCHED
PAY00085,TXN00085,INV00085,2026-07-12,CUST0237,5503.32,INR,WALLET,SUCCESS,SET00085,2026-07-14,5503.32,82.55,14.86,SETTLED,CUST0237,5503.32,5503.32,PAID,NONE,True,MATCHED
PAY00086,TXN00086,INV00086,2026-08-18,CUST0173,88024.18,INR,NETBANKING,SUCCESS,SET00086,2026-08-20,88024.18,1320.36,237.66,SETTLED,CUST0173,88024.18,88024.18,PAID,NONE,True,MATCHED
PAY00087,TXN00087,INV00087,2026-07-31,CUST0042,2428.64,INR,UPI,SUCCESS,SET00087,2026-08-08,2428.64,36.43,6.56,SETTLED,CUST0042,2428.64,2428.64,PAID,DELAYED_SETTLEMENT,False,EXCEPTION
PAY00088,TXN00088,INV00088,2026-08-18,CUST0021,3587.48,INR,CARD,SUCCESS,SET00088,2026-08-21,3587.48,53.81,9.69,SETTLED,CUST0021,3587.48,3587.48,PAID,NONE,True,MATCHED
PAY00089,TXN00089,INV00089,2026-07-16,CUST0079,13058.99,INR,UPI,SUCCESS,SET00089,2026-07-18,13058.99,195.88,35.26,SETTLED,CUST0079,13058.99,13058.99,PAID,NONE,True,MATCHED
PAY00090,TXN00090,INV00090,2026-08-19,CUST0132,37205.07,INR,UPI,SUCCESS,SET00090,2026-08-21,37205.07,558.08,100.45,SETTLED,CUST0132,37205.07,37205.07,PAID,NONE,True,MATCHED
PAY00091,TXN00091,INV00091,2026-08-07,CUST0056,3055.0,INR,NETBANKING,SUCCESS,SET00091,2026-08-09,3055.0,45.82,8.25,SETTLED,CUST0056,3055.0,3055.0,PAID,NONE,True,MATCHED
PAY00092,TXN00092,INV00092,2026-07-05,CUST0102,59413.74,INR,CARD,SUCCESS,SET00092,2026-07-08,59413.74,891.21,160.42,SETTLED,CUST0102,59413.74,59413.74,PAID,NONE,True,MATCHED
PAY00093,TXN00093,INV00093,2026-08-20,CUST0062,98392.51,INR,UPI,SUCCESS,SET00093,2026-08-23,98392.51,1475.89,265.66,SETTLED,CUST0062,98392.51,98392.51,PAID,NONE,True,MATCHED
PAY00094,TXN00094,INV00094,2026-07-05,CUST0190,50843.1,INR,NETBANKING,SUCCESS,SET00094,2026-07-07,50843.1,762.65,137.28,SETTLED,CUST0190,50843.1,50843.1,PAID,NONE,True,MATCHED
PAY00095,TXN00095,INV00095,2026-07-28,CUST0055,96098.36,INR,WALLET,SUCCESS,SET00095,2026-07-29,96098.36,1441.48,259.47,SETTLED,CUST0055,96098.36,96098.36,PAID,NONE,True,MATCHED
PAY00096,TXN00096,INV00096,2026-08-11,CUST0268,27373.2,INR,WALLET,SUCCESS,SET00096,2026-08-14,27373.2,410.6,73.91,SETTLED,CUST0268,27373.2,27373.2,PAID,NONE,True,MATCHED
PAY00097,TXN00097,INV00097,2026-07-21,CUST0138,85245.46,INR,UPI,SUCCESS,SET00097,2026-07-22,85245.46,1278.68,230.16,SETTLED,CUST0138,85245.46,85245.46,PAID,NONE,True,MATCHED
PAY00098,TXN00098,INV00098,2026-08-06,CUST0238,61228.0,INR,WALLET,SUCCESS,SET00098,2026-08-08,61228.0,918.42,165.32,SETTLED,CUST0238,61228.0,61228.0,PAID,NONE,True,MATCHED
PAY00099,TXN00099,INV00099,2026-08-01,CUST0094,21605.93,INR,NETBANKING,SUCCESS,SET00099,2026-08-04,21605.93,324.09,58.34,SETTLED,CUST0094,21605.93,21605.93,PAID,NONE,True,MATCHED
PAY00100,TXN00100,INV00100,2026-08-05,CUST0142,1510.04,INR,CARD,SUCCESS,SET00100,2026-08-07,1510.04,22.65,4.08,SETTLED,CUST0142,1510.04,1510.04,PAID,NONE,True,MATCHED
PAY00101,TXN00101,INV00101,2026-08-05,CUST0251,75937.38,INR,WALLET,SUCCESS,SET00101,2026-08-07,75937.38,1139.06,205.03,SETTLED,CUST0251,75937.38,75937.38,PAID,NONE,True,MATCHED
PAY00102,TXN00102,INV00102,2026-07-06,CUST0009,29776.44,INR,WALLET,SUCCESS,SET00102,2026-07-09,29776.44,446.65,80.4,SETTLED,CUST0009,29776.44,29776.44,PAID,NONE,True,MATCHED
PAY00103,TXN00103,INV00103,2026-07-24,CUST0298,47589.42,INR,NETBANKING,SUCCESS,SET00103,2026-07-27,47589.42,713.84,128.49,SETTLED,CUST0298,47589.42,47589.42,PAID,NONE,True,MATCHED
PAY00104,TXN00104,INV00104,2026-07-23,CUST0170,70434.07,INR,NETBANKING,SUCCESS,SET00104,2026-07-24,70434.07,1056.51,190.17,SETTLED,CUST0170,70434.07,70434.07,PAID,NONE,True,MATCHED
PAY00105,TXN00105,INV00105,2026-07-21,CUST0099,12395.7,INR,CARD,SUCCESS,SET00105,2026-07-23,12395.7,185.94,33.47,SETTLED,CUST0099,12395.7,12395.7,PAID,NONE,True,MATCHED
PAY00106,TXN00106,INV00106,2026-08-16,CUST0142,59163.9,INR,NETBANKING,SUCCESS,SET00106,2026-08-26,59163.9,887.46,159.74,SETTLED,CUST0142,59163.9,59163.9,PAID,DELAYED_SETTLEMENT,False,EXCEPTION
PAY00107,TXN00107,INV00107,2026-07-12,CUST0185,30575.63,INR,CARD,SUCCESS,SET00107,2026-07-15,30575.63,458.63,82.55,SETTLED,CUST0185,30575.63,30575.63,PAID,NONE,True,MATCHED
PAY00108,TXN00108,INV00108,2026-08-14,CUST0150,94436.92,INR,WALLET,SUCCESS,SET00108,2026-08-17,94436.92,1416.55,254.98,SETTLED,CUST0150,94436.92,94436.92,PAID,NONE,True,MATCHED
PAY00109,TXN00109,INV00109,2026-07-31,CUST0146,48132.06,INR,NETBANKING,SUCCESS,SET00109,2026-08-02,48132.06,721.98,129.96,SETTLED,CUST0146,48132.06,48132.06,PAID,NONE,True,MATCHED
PAY00110,TXN00110,INV00110,2026-07-08,CUST0245,82300.51,INR,WALLET,SUCCESS,SET00110,2026-07-11,82300.51,1234.51,222.21,SETTLED,CUST0245,82300.51,82300.51,PAID,NONE,True,MATCHED
PAY00111,TXN00111,INV00111,2026-07-10,CUST0028,15345.16,INR,NETBANKING,SUCCESS,SET00111,2026-07-11,15345.16,230.18,41.43,SETTLED,CUST0028,15345.16,15345.16,PAID,NONE,True,MATCHED
PAY00112,TXN00112,INV00112,2026-08-18,CUST0286,41909.32,INR,CARD,SUCCESS,SET00112,2026-08-20,41909.32,628.64,113.16,SETTLED,CUST0286,41909.32,41909.32,PAID,NONE,True,MATCHED
PAY00113,TXN00113,INV00113,2026-07-20,CUST0227,86086.58,INR,WALLET,SUCCESS,SET00113,2026-07-21,86086.58,1291.3,232.43,SETTLED,CUST0227,86086.58,86086.58,PAID,NONE,True,MATCHED
PAY00114,TXN00114,INV00114,2026-08-18,CUST0051,21174.9,INR,CARD,SUCCESS,SET00114,2026-08-19,21174.9,317.62,57.17,SETTLED,CUST0051,21174.9,21174.9,PAID,NONE,True,MATCHED
PAY00115,TXN00115,INV00115,2026-07-12,CUST0123,55423.23,INR,CARD,SUCCESS,SET00115,2026-07-15,55423.23,831.35,149.64,SETTLED,CUST0123,55423.23,55423.23,PAID,NONE,True,MATCHED
PAY00116,TXN00116,INV00116,2026-07-19,CUST0241,3747.67,INR,NETBANKING,SUCCESS,SET00116,2026-07-21,3747.67,56.22,10.12,SETTLED,CUST0241,3747.67,3747.67,PAID,NONE,True,MATCHED
PAY00117,TXN00117,INV00117,2026-08-13,CUST0037,23725.67,INR,NETBANKING,SUCCESS,SET00117,2026-08-16,23725.67,355.89,64.06,SETTLED,CUST0037,23725.67,23725.67,PAID,NONE,True,MATCHED
PAY00118,TXN00118,INV00118,2026-07-28,CUST0102,11920.24,INR,CARD,SUCCESS,SET00118,2026-07-29,11920.24,178.8,32.18,SETTLED,CUST0102,11920.24,11920.24,PAID,NONE,True,MATCHED
PAY00119,TXN00119,INV00119,2026-07-04,CUST0037,17009.32,INR,NETBANKING,SUCCESS,SET00119,2026-07-06,17009.32,255.14,45.93,SETTLED,CUST0037,17009.32,17009.32,PAID,NONE,True,MATCHED
PAY00120,TXN00120,INV00120,2026-07-08,CUST0225,47135.45,INR,NETBANKING,SUCCESS,SET00120,2026-07-11,47135.45,707.03,127.27,SETTLED,CUST0225,47135.45,47135.45,PAID,NONE,True,MATCHED
PAY00121,TXN00121,INV00121,2026-08-01,CUST0277,44057.01,INR,UPI,SUCCESS,SET00121,2026-08-03,42809.95,660.86,118.95,SETTLED,CUST0277,44057.01,44057.01,PAID,AMOUNT_MISMATCH,False,EXCEPTION
PAY00122,TXN00122,INV00122,2026-07-06,CUST0014,23277.98,INR,UPI,SUCCESS,SET00122,2026-07-13,23277.98,349.17,62.85,SETTLED,CUST0014,23277.98,23277.98,PAID,DELAYED_SETTLEMENT,False,EXCEPTION
PAY00123,TXN00123,INV00123,2026-07-31,CUST0090,52136.9,INR,WALLET,SUCCESS,,,,,,,CUST0090,52136.9,52136.9,PAID,MISSING_SETTLEMENT,False,EXCEPTION
PAY00124,TXN00124,INV00124,2026-08-10,CUST0224,81517.37,INR,UPI,SUCCESS,SET00124,2026-08-12,81517.37,1222.76,220.1,SETTLED,CUST0224,81517.37,81517.37,PAID,NONE,True,MATCHED
PAY00125,TXN00125,INV00125,2026-08-12,CUST0165,10907.69,INR,CARD,SUCCESS,SET00125,2026-08-14,10907.69,163.62,29.45,SETTLED,CUST0165,10907.69,10907.69,PAID,NONE,True,MATCHED
PAY00126,TXN00126,INV00126,2026-08-12,CUST0148,94546.76,INR,UPI,SUCCESS,SET00126,2026-08-14,94546.76,1418.2,255.28,SETTLED,CUST0148,94546.76,94546.76,PAID,NONE,True,MATCHED
PAY00127,TXN00127,INV00127,2026-07-08,CUST0166,97033.38,INR,WALLET,SUCCESS,SET00127,2026-07-11,95281.58,1455.5,261.99,SETTLED,CUST0166,97033.38,97033.38,PAID,AMOUNT_MISMATCH,False,EXCEPTION
PAY00128,TXN00128,INV00128,2026-07-27,CUST0237,5893.31,INR,NETBANKING,SUCCESS,SET00128,2026-07-30,5893.31,88.4,15.91,SETTLED,CUST0237,5893.31,5893.31,PAID,NONE,True,MATCHED
PAY00129,TXN00129,INV00129,2026-08-18,CUST0227,5635.37,INR,NETBANKING,SUCCESS,SET00129,2026-08-20,5635.37,84.53,15.22,SETTLED,CUST0227,5635.37,5635.37,PAID,NONE,True,MATCHED
PAY00130,TXN00130,INV00130,2026-07-08,CUST0249,3372.51,INR,CARD,SUCCESS,SET00130,2026-07-11,3372.51,50.59,9.11,SETTLED,CUST0249,3372.51,3372.51,PAID,NONE,True,MATCHED
PAY00131,TXN00131,INV00131,2026-08-05,CUST0008,41095.07,INR,CARD,SUCCESS,SET00131,2026-08-13,41095.07,616.43,110.96,SETTLED,CUST0008,41095.07,41095.07,PAID,DELAYED_SETTLEMENT,False,EXCEPTION
PAY00132,TXN00132,INV00132,2026-08-01,CUST0079,93298.98,INR,NETBANKING,SUCCESS,SET00132,2026-08-03,93298.98,1399.48,251.91,SETTLED,CUST0079,93298.98,93298.98,PAID,NONE,True,MATCHED
PAY00133,TXN00133,INV00133,2026-07-31,CUST0248,24751.23,INR,CARD,SUCCESS,SET00133,2026-08-03,24751.23,371.27,66.83,SETTLED,CUST0248,24751.23,24751.23,PAID,NONE,True,MATCHED
PAY00134,TXN00134,INV00134,2026-07-05,CUST0070,27986.62,INR,WALLET,SUCCESS,SET00134,2026-07-07,27986.62,419.8,75.56,SETTLED,CUST0070,27986.62,27986.62,PAID,NONE,True,MATCHED
PAY00135,TXN00135,INV00135,2026-07-19,CUST0002,72742.07,INR,WALLET,SUCCESS,SET00135,2026-07-22,71721.82,1091.13,196.4,SETTLED,CUST0002,72742.07,72742.07,PAID,AMOUNT_MISMATCH,False,EXCEPTION
PAY00136,TXN00136,INV00136,2026-08-05,CUST0171,76405.83,INR,WALLET,SUCCESS,SET00136,2026-08-06,76405.83,1146.09,206.3,SETTLED,CUST0171,76405.83,76405.83,PAID,NONE,True,MATCHED
PAY00137,TXN00137,INV00137,2026-08-06,CUST0123,38605.6,INR,WALLET,SUCCESS,SET00137,2026-08-08,38605.6,579.08,104.23,SETTLED,CUST0123,38605.6,38605.6,PAID,NONE,True,MATCHED
PAY00138,TXN00138,INV00138,2026-07-25,CUST0196,98847.19,INR,CARD,SUCCESS,SET00138,2026-07-26,98847.19,1482.71,266.89,SETTLED,CUST0196,98847.19,98847.19,PAID,NONE,True,MATCHED
PAY00139,TXN00139,INV00139,2026-08-07,CUST0258,33533.47,INR,UPI,SUCCESS,SET00139,2026-08-08,32434.16,503.0,90.54,SETTLED,CUST0258,33533.47,33533.47,PAID,AMOUNT_MISMATCH,False,EXCEPTION
PAY00140,TXN00140,INV00140,2026-07-01,CUST0234,72383.16,INR,WALLET,SUCCESS,SET00140,2026-07-02,71391.13,1085.75,195.44,SETTLED,CUST0234,72383.16,72383.16,PAID,AMOUNT_MISMATCH,False,EXCEPTION
PAY00141,TXN00141,INV00141,2026-07-22,CUST0136,62514.31,INR,WALLET,SUCCESS,SET00141,2026-07-25,62514.31,937.71,168.79,SETTLED,CUST0136,62514.31,62514.31,PAID,NONE,True,MATCHED
PAY00142,TXN00142,INV00142,2026-07-25,CUST0274,95436.89,INR,WALLET,SUCCESS,SET00142,2026-07-28,95206.89,1431.55,257.68,SETTLED,CUST0274,95436.89,95436.89,PAID,AMOUNT_MISMATCH,False,EXCEPTION
PAY00143,TXN00143,INV00143,2026-07-15,CUST0148,74803.25,INR,WALLET,SUCCESS,SET00143,2026-07-16,74803.25,1122.05,201.97,SETTLED,CUST0148,78724.91,74803.25,PAID,INVOICE_MISMATCH,False,EXCEPTION
PAY00144,TXN00144,INV00144,2026-07-11,CUST0228,69553.12,INR,UPI,SUCCESS,SET00144,2026-07-13,69553.12,1043.3,187.79,SETTLED,CUST0228,69553.12,69553.12,PAID,NONE,True,MATCHED
PAY00145,TXN00145,INV00145,2026-07-24,CUST0184,43353.34,INR,CARD,SUCCESS,SET00145,2026-07-27,43353.34,650.3,117.05,SETTLED,CUST0184,43353.34,43353.34,PAID,NONE,True,MATCHED
PAY00146,TXN00146,INV00146,2026-07-11,CUST0093,17919.4,INR,WALLET,SUCCESS,SET00146,2026-07-13,17919.4,268.79,48.38,SETTLED,CUST0093,17919.4,17919.4,PAID,NONE,True,MATCHED
PAY00147,TXN00147,INV00147,2026-07-10,CUST0299,23602.75,INR,NETBANKING,SUCCESS,SET00147,2026-07-11,23602.75,354.04,63.73,SETTLED,CUST0299,23602.75,23602.75,PAID,NONE,True,MATCHED
PAY00148,TXN00148,INV00148,2026-07-19,CUST0239,67922.28,INR,CARD,SUCCESS,SET00148,2026-07-22,67922.28,1018.83,183.39,SETTLED,CUST0239,67922.28,67922.28,PAID,NONE,True,MATCHED
PAY00149,TXN00149,INV00149,2026-08-10,CUST0154,96221.89,INR,NETBANKING,SUCCESS,SET00149,2026-08-11,96221.89,1443.33,259.8,SETTLED,CUST0154,96221.89,96221.89,PAID,NONE,True,MATCHED
PAY00150,TXN00150,INV00150,2026-07-31,CUST0197,11112.0,INR,WALLET,SUCCESS,SET00150,2026-08-02,11112.0,166.68,30.0,SETTLED,CUST0197,11112.0,11112.0,PAID,NONE,True,MATCHED
PAY00151,TXN00151,INV00151,2026-07-02,CUST0152,97805.48,INR,WALLET,SUCCESS,SET00151,2026-07-05,97805.48,1467.08,264.07,SETTLED,CUST0152,97805.48,97805.48,PAID,NONE,True,MATCHED
PAY00152,TXN00152,INV00152,2026-08-08,CUST0026,74644.63,INR,NETBANKING,SUCCESS,SET00152,2026-08-11,74644.63,1119.67,201.54,SETTLED,CUST0026,74644.63,74644.63,PAID,NONE,True,MATCHED
PAY00153,TXN00153,INV00153,2026-07-15,CUST0181,63843.48,INR,NETBANKING,SUCCESS,SET00153,2026-07-18,63843.48,957.65,172.38,SETTLED,CUST0181,63843.48,63843.48,PAID,NONE,True,MATCHED
PAY00154,TXN00154,INV00154,2026-08-10,CUST0071,10167.81,INR,UPI,SUCCESS,SET00154,2026-08-11,10167.81,152.52,27.45,SETTLED,CUST0071,10167.81,10167.81,PAID,NONE,True,MATCHED
PAY00155,TXN00155,INV00155,2026-07-24,CUST0297,73369.8,INR,UPI,SUCCESS,,,,,,,CUST0297,73369.8,73369.8,PAID,MISSING_SETTLEMENT,False,EXCEPTION
PAY00156,TXN00156,INV00156,2026-07-12,CUST0213,20479.08,INR,NETBANKING,SUCCESS,SET00156,2026-07-13,20479.08,307.19,55.29,SETTLED,CUST0213,20479.08,20479.08,PAID,NONE,True,MATCHED
PAY00157,TXN00157,INV00157,2026-07-31,CUST0132,96754.72,INR,NETBANKING,SUCCESS,SET00157,2026-08-01,96754.72,1451.32,261.24,SETTLED,CUST0132,96754.72,96754.72,PAID,NONE,True,MATCHED
PAY00158,TXN00158,INV00158,2026-07-05,CUST0240,14505.32,INR,CARD,SUCCESS,SET00158,2026-07-08,12543.43,217.58,39.16,SETTLED,CUST0240,14505.32,14505.32,PAID,AMOUNT_MISMATCH,False,EXCEPTION
PAY00159,TXN00159,INV00159,2026-07-24,CUST0286,9485.14,INR,WALLET,SUCCESS,SET00159,2026-07-25,9485.14,142.28,25.61,SETTLED,CUST0286,9485.14,9485.14,PAID,NONE,True,MATCHED
PAY00160,TXN00160,INV00160,2026-07-24,CUST0233,67446.42,INR,NETBANKING,SUCCESS,SET00160,2026-07-26,67446.42,1011.7,182.11,SETTLED,CUST0233,67446.42,67446.42,PAID,NONE,True,MATCHED
PAY00161,TXN00161,INV00161,2026-08-13,CUST0056,23765.28,INR,UPI,SUCCESS,SET00161,2026-08-15,23765.28,356.48,64.17,SETTLED,CUST0056,23765.28,23765.28,PAID,NONE,True,MATCHED
PAY00162,TXN00162,INV00162,2026-08-11,CUST0114,6790.1,INR,WALLET,SUCCESS,,,,,,,CUST0114,6790.1,6790.1,PAID,MISSING_SETTLEMENT,False,EXCEPTION
PAY00163,TXN00163,INV00163,2026-07-08,CUST0210,14407.81,INR,UPI,SUCCESS,SET00163,2026-07-09,14407.81,216.12,38.9,SETTLED,CUST0210,14407.81,14407.81,PAID,NONE,True,MATCHED
PAY00164,TXN00164,INV00164,2026-07-16,CUST0050,88782.3,INR,CARD,SUCCESS,SET00164,2026-07-19,88782.3,1331.73,239.71,SETTLED,CUST0050,88782.3,88782.3,PAID,NONE,True,MATCHED
PAY00165,TXN00165,INV00165,2026-07-27,CUST0277,58940.36,INR,CARD,SUCCESS,SET00165,2026-07-28,57256.34,884.11,159.14,SETTLED,CUST0277,58940.36,58940.36,PAID,AMOUNT_MISMATCH,False,EXCEPTION
PAY00166,TXN00166,INV00166,2026-07-18,CUST0209,3755.27,INR,NETBANKING,SUCCESS,SET00166,2026-07-19,3755.27,56.33,10.14,SETTLED,CUST0209,3755.27,3755.27,PAID,NONE,True,MATCHED
PAY00167,TXN00167,INV00167,2026-07-07,CUST0186,98102.31,INR,NETBANKING,SUCCESS,SET00167,2026-07-09,98102.31,1471.53,264.88,SETTLED,CUST0186,98102.31,98102.31,PAID,NONE,True,MATCHED
PAY00168,TXN00168,INV00168,2026-07-26,CUST0032,27950.2,INR,UPI,SUCCESS,SET00168,2026-07-27,27950.2,419.25,75.47,SETTLED,CUST0032,27950.2,27950.2,PAID,DUPLICATE_PAYMENT,False,EXCEPTION
PAY00168_DUP,TXN00168_DUP,INV00168,2026-07-26,CUST0032,27950.2,INR,UPI,SUCCESS,,,,,,,CUST0032,27950.2,27950.2,PAID,MISSING_SETTLEMENT;DUPLICATE_PAYMENT,False,EXCEPTION
PAY00169,TXN00169,INV00169,2026-08-11,CUST0109,64129.55,INR,UPI,SUCCESS,SET00169,2026-08-12,64129.55,961.94,173.15,SETTLED,CUST0109,64129.55,64129.55,PAID,NONE,True,MATCHED
PAY00170,TXN00170,INV00170,2026-08-20,CUST0065,56675.51,INR,UPI,SUCCESS,SET00170,2026-08-21,56675.51,850.13,153.02,SETTLED,CUST0065,56675.51,56675.51,PAID,NONE,True,MATCHED
PAY00171,TXN00171,INV00171,2026-07-15,CUST0111,33191.68,INR,CARD,SUCCESS,SET00171,2026-07-16,33191.68,497.88,89.62,SETTLED,CUST0111,33191.68,33191.68,PAID,NONE,True,MATCHED
PAY00172,TXN00172,INV00172,2026-07-10,CUST0142,98758.97,INR,NETBANKING,SUCCESS,SET00172,2026-07-13,98758.97,1481.38,266.65,SETTLED,CUST0142,98758.97,98758.97,PAID,NONE,True,MATCHED
PAY00173,TXN00173,INV00173,2026-07-09,CUST0014,1978.6,INR,CARD,SUCCESS,SET00173,2026-07-10,1978.6,29.68,5.34,SETTLED,CUST0014,1978.6,1978.6,PAID,NONE,True,MATCHED
PAY00174,TXN00174,INV00174,2026-07-04,CUST0136,13112.48,INR,WALLET,SUCCESS,SET00174,2026-07-05,13112.48,196.69,35.4,SETTLED,CUST0136,13112.48,13112.48,PAID,NONE,True,MATCHED
PAY00175,TXN00175,INV00175,2026-07-29,CUST0244,77912.7,INR,UPI,SUCCESS,SET00175,2026-08-01,77912.7,1168.69,210.36,SETTLED,CUST0244,77912.7,77912.7,PAID,NONE,True,MATCHED
PAY00176,TXN00176,INV00176,2026-08-16,CUST0023,78431.09,INR,NETBANKING,SUCCESS,SET00176,2026-08-17,78431.09,1176.47,211.76,SETTLED,CUST0023,78431.09,78431.09,PAID,NONE,True,MATCHED
PAY00177,TXN00177,INV00177,2026-07-26,CUST0246,42914.23,INR,UPI,SUCCESS,SET00177,2026-07-27,42914.23,643.71,115.87,SETTLED,CUST0246,42914.23,42914.23,PAID,NONE,True,MATCHED
PAY00178,TXN00178,INV00178,2026-07-21,CUST0042,61025.59,INR,UPI,SUCCESS,SET00178,2026-07-24,61025.59,915.38,164.77,SETTLED,CUST0042,61025.59,61025.59,PAID,NONE,True,MATCHED
PAY00179,TXN00179,INV00179,2026-08-05,CUST0300,71359.2,INR,WALLET,SUCCESS,SET00179,2026-08-19,71359.2,1070.39,192.67,SETTLED,CUST0300,71359.2,71359.2,PAID,DELAYED_SETTLEMENT,False,EXCEPTION
PAY00180,TXN00180,INV00180,2026-08-08,CUST0259,43304.83,INR,UPI,SUCCESS,SET00180,2026-08-11,41835.23,649.57,116.92,SETTLED,CUST0259,43304.83,43304.83,PAID,AMOUNT_MISMATCH,False,EXCEPTION
PAY00181,TXN00181,INV00181,2026-07-28,CUST0111,45429.71,INR,CARD,SUCCESS,SET00181,2026-07-30,45429.71,681.45,122.66,SETTLED,CUST0111,45429.71,45429.71,PAID,NONE,True,MATCHED
PAY00182,TXN00182,INV00182,2026-08-16,CUST0213,9961.04,INR,WALLET,SUCCESS,SET00182,2026-08-18,9961.04,149.42,26.9,SETTLED,CUST0213,9961.04,9961.04,PAID,NONE,True,MATCHED
PAY00183,TXN00183,INV00183,2026-08-13,CUST0079,92337.01,INR,UPI,SUCCESS,SET00183,2026-08-14,92337.01,1385.06,249.31,SETTLED,CUST0079,92337.01,92337.01,PAID,NONE,True,MATCHED
PAY00184,TXN00184,INV00184,2026-07-07,CUST0222,74586.6,INR,NETBANKING,SUCCESS,SET00184,2026-07-08,74586.6,1118.8,201.38,SETTLED,CUST0222,74586.6,74586.6,PAID,NONE,True,MATCHED
PAY00185,TXN00185,INV00185,2026-08-05,CUST0288,33299.78,INR,UPI,SUCCESS,SET00185,2026-08-07,33299.78,499.5,89.91,SETTLED,CUST0288,33299.78,33299.78,PAID,NONE,True,MATCHED
PAY00186,TXN00186,INV00186,2026-07-19,CUST0027,60240.8,INR,NETBANKING,SUCCESS,SET00186,2026-07-20,60240.8,903.61,162.65,SETTLED,CUST0027,60240.8,60240.8,PAID,NONE,True,MATCHED
PAY00187,TXN00187,INV00187,2026-08-12,CUST0080,48477.84,INR,UPI,SUCCESS,SET00187,2026-08-14,48477.84,727.17,130.89,SETTLED,CUST0080,48477.84,48477.84,PAID,NONE,True,MATCHED
PAY00188,TXN00188,INV00188,2026-08-18,CUST0059,28217.54,INR,CARD,SUCCESS,SET00188,2026-08-21,28217.54,423.26,76.19,SETTLED,CUST0059,28217.54,28217.54,PAID,NONE,True,MATCHED
PAY00189,TXN00189,INV00189,2026-07-02,CUST0286,61094.99,INR,NETBANKING,SUCCESS,SET00189,2026-07-05,61094.99,916.42,164.96,SETTLED,CUST0286,61094.99,61094.99,PAID,NONE,True,MATCHED
PAY00190,TXN00190,INV00190,2026-07-22,CUST0159,35426.83,INR,CARD,SUCCESS,SET00190,2026-07-25,34565.34,531.4,95.65,SETTLED,CUST0159,35426.83,35426.83,PAID,AMOUNT_MISMATCH,False,EXCEPTION
PAY00191,TXN00191,INV00191,2026-08-17,CUST0073,63500.62,INR,UPI,SUCCESS,SET00191,2026-08-18,63500.62,952.51,171.45,SETTLED,CUST0073,63500.62,63500.62,PAID,NONE,True,MATCHED
PAY00192,TXN00192,INV00192,2026-07-27,CUST0193,45637.76,INR,CARD,SUCCESS,SET00192,2026-07-29,45637.76,684.57,123.22,SETTLED,CUST0193,45637.76,45637.76,PAID,NONE,True,MATCHED
PAY00193,TXN00193,INV00193,2026-08-08,CUST0291,8953.23,INR,UPI,SUCCESS,SET00193,2026-08-09,8953.23,134.3,24.17,SETTLED,CUST0291,8953.23,8953.23,PAID,NONE,True,MATCHED
PAY00194,TXN00194,INV00194,2026-07-18,CUST0042,44589.74,INR,WALLET,SUCCESS,SET00194,2026-07-20,44589.74,668.85,120.39,SETTLED,CUST0042,44589.74,44589.74,PAID,NONE,True,MATCHED
PAY00195,TXN00195,INV00195,2026-07-14,CUST0140,75616.84,INR,UPI,SUCCESS,SET00195,2026-07-16,75616.84,1134.25,204.16,SETTLED,CUST0140,75616.84,75616.84,PAID,NONE,True,MATCHED
PAY00196,TXN00196,INV00196,2026-08-03,CUST0250,66879.69,INR,UPI,SUCCESS,SET00196,2026-08-04,66879.69,1003.2,180.58,SETTLED,CUST0250,66879.69,66879.69,PAID,NONE,True,MATCHED
PAY00197,TXN00197,INV00197,2026-07-14,CUST0004,30491.23,INR,CARD,SUCCESS,SET00197,2026-07-16,30491.23,457.37,82.33,SETTLED,CUST0004,30491.23,30491.23,PAID,NONE,True,MATCHED
PAY00198,TXN00198,INV00198,2026-07-08,CUST0168,1269.13,INR,WALLET,SUCCESS,SET00198,2026-07-11,1269.13,19.04,3.43,SETTLED,CUST0168,1269.13,1269.13,PAID,NONE,True,MATCHED
PAY00199,TXN00199,INV00199,2026-08-02,CUST0118,56092.99,INR,NETBANKING,SUCCESS,SET00199,2026-08-03,56092.99,841.39,151.45,SETTLED,CUST0118,56092.99,56092.99,PAID,NONE,True,MATCHED
PAY00200,TXN00200,INV00200,2026-07-02,CUST0224,46245.55,INR,UPI,SUCCESS,SET00200,2026-07-04,45056.09,693.68,124.86,SETTLED,CUST0224,46245.55,46245.55,PAID,AMOUNT_MISMATCH,False,EXCEPTION
PAY00201,TXN00201,INV00201,2026-07-19,CUST0214,11959.75,INR,UPI,SUCCESS,SET00201,2026-07-21,11959.75,179.4,32.29,SETTLED,CUST0214,13233.18,11959.75,PAID,INVOICE_MISMATCH,False,EXCEPTION
PAY00202,TXN00202,INV00202,2026-07-06,CUST0186,43952.82,INR,UPI,SUCCESS,SET00202,2026-07-08,43952.82,659.29,118.67,SETTLED,CUST0186,43952.82,43952.82,PAID,NONE,True,MATCHED
PAY00203,TXN00203,INV00203,2026-07-06,CUST0269,39878.79,INR,NETBANKING,SUCCESS,SET00203,2026-07-08,39878.79,598.18,107.67,SETTLED,CUST0269,39878.79,39878.79,PAID,NONE,True,MATCHED
PAY00204,TXN00204,INV00204,2026-07-05,CUST0087,51293.09,INR,UPI,SUCCESS,SET00204,2026-07-07,51293.09,769.4,138.49,SETTLED,CUST0087,51293.09,51293.09,PAID,NONE,True,MATCHED
PAY00205,TXN00205,INV00205,2026-08-16,CUST0180,95843.22,INR,CARD,SUCCESS,SET00205,2026-08-18,95843.22,1437.65,258.78,SETTLED,CUST0180,95843.22,95843.22,PAID,NONE,True,MATCHED
PAY00206,TXN00206,INV00206,2026-07-12,CUST0102,60438.7,INR,UPI,SUCCESS,SET00206,2026-07-14,60438.7,906.58,163.18,SETTLED,CUST0102,60438.7,60438.7,PAID,NONE,True,MATCHED
PAY00207,TXN00207,INV00207,2026-08-18,CUST0238,56591.68,INR,WALLET,SUCCESS,SET00207,2026-08-21,56591.68,848.88,152.8,SETTLED,CUST0238,56591.68,56591.68,PAID,NONE,True,MATCHED
PAY00208,TXN00208,INV00208,2026-08-10,CUST0166,31955.82,INR,WALLET,SUCCESS,SET00208,2026-08-13,31955.82,479.34,86.28,SETTLED,CUST0166,31955.82,31955.82,PAID,NONE,True,MATCHED
PAY00209,TXN00209,INV00209,2026-08-20,CUST0156,27830.03,INR,UPI,SUCCESS,SET00209,2026-08-22,27830.03,417.45,75.14,SETTLED,CUST0156,27830.03,27830.03,PAID,NONE,True,MATCHED
PAY00210,TXN00210,INV00210,2026-07-29,CUST0237,4241.92,INR,NETBANKING,SUCCESS,SET00210,2026-08-01,4241.92,63.63,11.45,SETTLED,CUST0237,4241.92,4241.92,PAID,NONE,True,MATCHED
PAY00211,TXN00211,INV00211,2026-08-09,CUST0047,59610.94,INR,WALLET,SUCCESS,SET00211,2026-08-12,59610.94,894.16,160.95,SETTLED,CUST0047,59610.94,59610.94,PAID,NONE,True,MATCHED
PAY00212,TXN00212,INV00212,2026-07-29,CUST0022,90950.47,INR,CARD,SUCCESS,SET00212,2026-08-01,90950.47,1364.26,245.57,SETTLED,CUST0022,90950.47,90950.47,PAID,NONE,True,MATCHED
PAY00213,TXN00213,INV00213,2026-07-04,CUST0078,45327.05,INR,NETBANKING,SUCCESS,SET00213,2026-07-13,45327.05,679.91,122.38,SETTLED,CUST0078,45327.05,45327.05,PAID,DELAYED_SETTLEMENT,False,EXCEPTION
PAY00214,TXN00214,INV00214,2026-07-16,CUST0021,70908.36,INR,WALLET,SUCCESS,SET00214,2026-07-17,70908.36,1063.63,191.45,SETTLED,CUST0021,70908.36,70908.36,PAID,NONE,True,MATCHED
PAY00215,TXN00215,INV00215,2026-07-24,CUST0187,91834.71,INR,WALLET,SUCCESS,SET00215,2026-07-27,91834.71,1377.52,247.95,SETTLED,CUST0187,91834.71,91834.71,PAID,NONE,True,MATCHED
PAY00216,TXN00216,INV00216,2026-08-20,CUST0027,63273.21,INR,NETBANKING,SUCCESS,SET00216,2026-08-23,63273.21,949.1,170.84,SETTLED,CUST0027,63273.21,63273.21,PAID,NONE,True,MATCHED
PAY00217,TXN00217,INV00217,2026-07-19,CUST0198,25573.58,INR,CARD,SUCCESS,SET00217,2026-07-22,25573.58,383.6,69.05,SETTLED,CUST0198,25573.58,25573.58,PAID,NONE,True,MATCHED
PAY00218,TXN00218,INV00218,2026-07-23,CUST0073,31368.06,INR,WALLET,SUCCESS,SET00218,2026-07-24,31368.06,470.52,84.69,SETTLED,CUST0073,31368.06,31368.06,PAID,NONE,True,MATCHED
PAY00219,TXN00219,INV00219,2026-08-05,CUST0159,37979.59,INR,NETBANKING,SUCCESS,SET00219,2026-08-08,37979.59,569.69,102.54,SETTLED,CUST0159,37979.59,37979.59,PAID,NONE,True,MATCHED
PAY00220,TXN00220,INV00220,2026-07-06,CUST0270,64779.47,INR,WALLET,SUCCESS,SET00220,2026-07-08,64779.47,971.69,174.9,SETTLED,CUST0270,64779.47,64779.47,PAID,NONE,True,MATCHED
PAY00221,TXN00221,INV00221,2026-07-12,CUST0159,95141.35,INR,NETBANKING,SUCCESS,SET00221,2026-07-13,95141.35,1427.12,256.88,SETTLED,CUST0159,95141.35,95141.35,PAID,DUPLICATE_PAYMENT,False,EXCEPTION
PAY00221_DUP,TXN00221_DUP,INV00221,2026-07-12,CUST0159,95141.35,INR,NETBANKING,SUCCESS,,,,,,,CUST0159,95141.35,95141.35,PAID,MISSING_SETTLEMENT;DUPLICATE_PAYMENT,False,EXCEPTION
PAY00222,TXN00222,INV00222,2026-07-09,CUST0116,15917.04,INR,NETBANKING,SUCCESS,SET00222,2026-07-12,15917.04,238.76,42.98,SETTLED,CUST0116,15917.04,15917.04,PAID,NONE,True,MATCHED
PAY00223,TXN00223,INV00223,2026-08-17,CUST0277,88426.38,INR,UPI,SUCCESS,SET00223,2026-08-18,88426.38,1326.4,238.75,SETTLED,CUST0277,88426.38,88426.38,PAID,NONE,True,MATCHED
PAY00224,TXN00224,INV00224,2026-07-10,CUST0193,16643.6,INR,CARD,SUCCESS,SET00224,2026-07-12,16643.6,249.65,44.94,SETTLED,CUST0193,16643.6,16643.6,PAID,NONE,True,MATCHED
PAY00225,TXN00225,INV00225,2026-08-13,CUST0187,72098.77,INR,WALLET,SUCCESS,SET00225,2026-08-15,72098.77,1081.48,194.67,SETTLED,CUST0187,72098.77,72098.77,PAID,NONE,True,MATCHED
PAY00226,TXN00226,INV00226,2026-08-04,CUST0120,24297.27,INR,WALLET,SUCCESS,,,,,,,CUST0120,24297.27,24297.27,PAID,MISSING_SETTLEMENT,False,EXCEPTION
PAY00227,TXN00227,INV00227,2026-07-29,CUST0293,46437.16,INR,NETBANKING,SUCCESS,SET00227,2026-08-01,46437.16,696.56,125.38,SETTLED,CUST0293,46437.16,46437.16,PAID,NONE,True,MATCHED
PAY00228,TXN00228,INV00228,2026-07-11,CUST0215,81780.68,INR,CARD,SUCCESS,SET00228,2026-07-14,80767.56,1226.71,220.81,SETTLED,CUST0215,81780.68,81780.68,PAID,AMOUNT_MISMATCH,False,EXCEPTION
PAY00229,TXN00229,INV00229,2026-08-05,CUST0191,93462.21,INR,UPI,SUCCESS,SET00229,2026-08-07,93462.21,1401.93,252.35,SETTLED,CUST0191,93462.21,93462.21,PAID,NONE,True,MATCHED
PAY00230,TXN00230,INV00230,2026-08-02,CUST0231,15161.19,INR,WALLET,SUCCESS,SET00230,2026-08-04,15161.19,227.42,40.94,SETTLED,CUST0231,15161.19,15161.19,PAID,NONE,True,MATCHED
PAY00231,TXN00231,INV00231,2026-07-02,CUST0179,41782.24,INR,WALLET,SUCCESS,SET00231,2026-07-04,41782.24,626.73,112.81,SETTLED,CUST0179,41782.24,41782.24,PAID,NONE,True,MATCHED
PAY00232,TXN00232,INV00232,2026-07-24,CUST0042,22841.61,INR,NETBANKING,SUCCESS,SET00232,2026-07-27,22841.61,342.62,61.67,SETTLED,CUST0042,22841.61,22841.61,PAID,DUPLICATE_PAYMENT,False,EXCEPTION
PAY00232_DUP,TXN00232_DUP,INV00232,2026-07-24,CUST0042,22841.61,INR,NETBANKING,SUCCESS,,,,,,,CUST0042,22841.61,22841.61,PAID,MISSING_SETTLEMENT;DUPLICATE_PAYMENT,False,EXCEPTION
PAY00233,TXN00233,INV00233,2026-08-20,CUST0172,15031.91,INR,UPI,SUCCESS,SET00233,2026-08-23,15031.91,225.48,40.59,SETTLED,CUST0172,15031.91,15031.91,PAID,NONE,True,MATCHED
PAY00234,TXN00234,INV00234,2026-08-18,CUST0072,70700.85,INR,WALLET,SUCCESS,SET00234,2026-08-19,70700.85,1060.51,190.89,SETTLED,CUST0072,70700.85,70700.85,PAID,NONE,True,MATCHED
PAY00235,TXN00235,INV00235,2026-07-14,CUST0132,83578.83,INR,WALLET,SUCCESS,SET00235,2026-07-15,83578.83,1253.68,225.66,SETTLED,CUST0132,83578.83,83578.83,PAID,NONE,True,MATCHED
PAY00236,TXN00236,INV00236,2026-07-08,CUST0155,5251.07,INR,WALLET,SUCCESS,SET00236,2026-07-10,5251.07,78.77,14.18,SETTLED,CUST0155,5251.07,5251.07,PAID,NONE,True,MATCHED
PAY00237,TXN00237,INV00237,2026-07-08,CUST0033,83750.43,INR,WALLET,SUCCESS,SET00237,2026-07-11,83750.43,1256.26,226.13,SETTLED,CUST0033,83750.43,83750.43,PAID,NONE,True,MATCHED
PAY00238,TXN00238,INV00238,2026-08-06,CUST0264,24572.84,INR,CARD,SUCCESS,SET00238,2026-08-09,24572.84,368.59,66.35,SETTLED,CUST0264,24572.84,24572.84,PAID,NONE,True,MATCHED
PAY00239,TXN00239,INV00239,2026-07-16,CUST0181,57281.04,INR,CARD,SUCCESS,SET00239,2026-07-19,57281.04,859.22,154.66,SETTLED,CUST0181,57281.04,57281.04,PAID,NONE,True,MATCHED
PAY00240,TXN00240,INV00240,2026-07-05,CUST0185,95363.67,INR,UPI,SUCCESS,SET00240,2026-07-06,95363.67,1430.46,257.48,SETTLED,CUST0185,95363.67,95363.67,PAID,NONE,True,MATCHED
PAY00241,TXN00241,INV00241,2026-07-24,CUST0199,25738.2,INR,UPI,SUCCESS,SET00241,2026-07-26,25738.2,386.07,69.49,SETTLED,CUST0199,25738.2,25738.2,PAID,NONE,True,MATCHED
PAY00242,TXN00242,INV00242,2026-08-16,CUST0124,65881.89,INR,UPI,SUCCESS,SET00242,2026-08-18,65881.89,988.23,177.88,SETTLED,CUST0124,65881.89,65881.89,PAID,NONE,True,MATCHED
PAY00243,TXN00243,INV00243,2026-07-03,CUST0069,35553.76,INR,NETBANKING,SUCCESS,SET00243,2026-07-06,35553.76,533.31,96.0,SETTLED,CUST0069,35553.76,35553.76,PAID,NONE,True,MATCHED
PAY00244,TXN00244,INV00244,2026-08-14,CUST0238,48113.85,INR,CARD,SUCCESS,SET00244,2026-08-17,48113.85,721.71,129.91,SETTLED,CUST0238,48113.85,48113.85,PAID,NONE,True,MATCHED
PAY00245,TXN00245,INV00245,2026-07-03,CUST0235,29697.54,INR,UPI,SUCCESS,SET00245,2026-07-05,29697.54,445.46,80.18,SETTLED,CUST0235,29697.54,29697.54,PAID,NONE,True,MATCHED
PAY00246,TXN00246,INV00246,2026-08-02,CUST0159,40123.29,INR,WALLET,SUCCESS,SET00246,2026-08-03,40123.29,601.85,108.33,SETTLED,CUST0159,40123.29,40123.29,PAID,NONE,True,MATCHED
PAY00247,TXN00247,INV00247,2026-07-23,CUST0147,86282.78,INR,UPI,SUCCESS,SET00247,2026-07-25,85946.28,1294.24,232.96,SETTLED,CUST0147,86282.78,86282.78,PAID,AMOUNT_MISMATCH,False,EXCEPTION
PAY00248,TXN00248,INV00248,2026-07-28,CUST0189,89003.91,INR,WALLET,SUCCESS,SET00248,2026-07-30,87053.84,1335.06,240.31,SETTLED,CUST0189,89003.91,89003.91,PAID,AMOUNT_MISMATCH,False,EXCEPTION
PAY00249,TXN00249,INV00249,2026-08-14,CUST0255,50003.58,INR,NETBANKING,SUCCESS,SET00249,2026-08-16,50003.58,750.05,135.01,SETTLED,CUST0255,50003.58,50003.58,PAID,NONE,True,MATCHED
PAY00250,TXN00250,INV00250,2026-07-28,CUST0041,60444.1,INR,CARD,SUCCESS,SET00250,2026-07-29,60444.1,906.66,163.2,SETTLED,CUST0041,60444.1,60444.1,PAID,NONE,True,MATCHED
PAY00251,TXN00251,INV00251,2026-07-21,CUST0041,66261.46,INR,NETBANKING,SUCCESS,SET00251,2026-07-23,66261.46,993.92,178.91,SETTLED,CUST0041,66261.46,66261.46,PAID,NONE,True,MATCHED
PAY00252,TXN00252,INV00252,2026-08-14,CUST0086,44668.88,INR,WALLET,SUCCESS,SET00252,2026-08-17,44668.88,670.03,120.61,SETTLED,CUST0086,44668.88,44668.88,PAID,NONE,True,MATCHED
PAY00253,TXN00253,INV00253,2026-07-18,CUST0223,64127.2,INR,UPI,SUCCESS,SET00253,2026-07-20,64127.2,961.91,173.14,SETTLED,CUST0223,64127.2,64127.2,PAID,NONE,True,MATCHED
PAY00254,TXN00254,INV00254,2026-08-02,CUST0187,80209.05,INR,CARD,SUCCESS,SET00254,2026-08-05,80209.05,1203.14,216.57,SETTLED,CUST0187,81351.56,80209.05,PAID,INVOICE_MISMATCH,False,EXCEPTION
PAY00255,TXN00255,INV00255,2026-07-03,CUST0225,13059.89,INR,CARD,SUCCESS,SET00255,2026-07-05,13059.89,195.9,35.26,SETTLED,CUST0225,13059.89,13059.89,PAID,NONE,True,MATCHED
PAY00256,TXN00256,INV00256,2026-08-06,CUST0197,3722.34,INR,CARD,SUCCESS,SET00256,2026-08-08,3722.34,55.84,10.05,SETTLED,CUST0197,3722.34,3722.34,PAID,NONE,True,MATCHED
PAY00257,TXN00257,INV00257,2026-08-18,CUST0228,8150.1,INR,CARD,SUCCESS,SET00257,2026-08-20,8150.1,122.25,22.0,SETTLED,CUST0228,8150.1,8150.1,PAID,NONE,True,MATCHED
PAY00258,TXN00258,INV00258,2026-07-16,CUST0143,96071.75,INR,UPI,SUCCESS,SET00258,2026-07-19,96071.75,1441.08,259.39,SETTLED,CUST0143,96071.75,96071.75,PAID,NONE,True,MATCHED
PAY00259,TXN00259,INV00259,2026-08-05,CUST0199,12217.22,INR,NETBANKING,SUCCESS,SET00259,2026-08-08,12217.22,183.26,32.99,SETTLED,CUST0199,12217.22,12217.22,PAID,NONE,True,MATCHED
PAY00260,TXN00260,INV00260,2026-08-14,CUST0147,91689.65,INR,WALLET,SUCCESS,SET00260,2026-08-15,91689.65,1375.34,247.56,SETTLED,CUST0147,91689.65,91689.65,PAID,NONE,True,MATCHED
PAY00261,TXN00261,INV00261,2026-07-12,CUST0232,89918.56,INR,WALLET,SUCCESS,SET00261,2026-07-24,89918.56,1348.78,242.78,SETTLED,CUST0232,89918.56,89918.56,PAID,DELAYED_SETTLEMENT,False,EXCEPTION
PAY00262,TXN00262,INV00262,2026-08-05,CUST0034,54446.05,INR,NETBANKING,SUCCESS,SET00262,2026-08-08,52584.13,816.69,147.0,SETTLED,CUST0034,54446.05,54446.05,PAID,AMOUNT_MISMATCH,False,EXCEPTION
PAY00263,TXN00263,INV00263,2026-08-20,CUST0090,36468.47,INR,CARD,SUCCESS,SET00263,2026-08-21,36468.47,547.03,98.47,SETTLED,CUST0090,36468.47,36468.47,PAID,NONE,True,MATCHED
PAY00264,TXN00264,INV00264,2026-08-20,CUST0122,49655.18,INR,NETBANKING,SUCCESS,SET00264,2026-08-22,49655.18,744.83,134.07,SETTLED,CUST0122,49655.18,49655.18,PAID,NONE,True,MATCHED
PAY00265,TXN00265,INV00265,2026-07-09,CUST0283,61388.86,INR,UPI,SUCCESS,SET00265,2026-07-12,61388.86,920.83,165.75,SETTLED,CUST0283,61388.86,61388.86,PAID,NONE,True,MATCHED
PAY00266,TXN00266,INV00266,2026-08-03,CUST0246,41374.11,INR,WALLET,SUCCESS,SET00266,2026-08-04,41374.11,620.61,111.71,SETTLED,CUST0246,41374.11,41374.11,PAID,NONE,True,MATCHED
PAY00267,TXN00267,INV00267,2026-08-11,CUST0163,7879.42,INR,WALLET,SUCCESS,SET00267,2026-08-12,7879.42,118.19,21.27,SETTLED,CUST0163,7879.42,7879.42,PAID,NONE,True,MATCHED
PAY00268,TXN00268,INV00268,2026-08-10,CUST0283,58984.71,INR,CARD,SUCCESS,SET00268,2026-08-11,58984.71,884.77,159.26,SETTLED,CUST0283,58984.71,58984.71,PAID,NONE,True,MATCHED
PAY00269,TXN00269,INV00269,2026-07-10,CUST0266,30760.39,INR,CARD,SUCCESS,SET00269,2026-07-11,30760.39,461.41,83.05,SETTLED,CUST0266,30760.39,30760.39,PAID,NONE,True,MATCHED
PAY00270,TXN00270,INV00270,2026-08-03,CUST0178,89545.13,INR,UPI,SUCCESS,SET00270,2026-08-06,89545.13,1343.18,241.77,SETTLED,CUST0178,89545.13,89545.13,PAID,NONE,True,MATCHED
PAY00271,TXN00271,INV00271,2026-07-09,CUST0141,62689.72,INR,UPI,SUCCESS,SET00271,2026-07-12,62689.72,940.35,169.26,SETTLED,CUST0141,62689.72,62689.72,PAID,NONE,True,MATCHED
PAY00272,TXN00272,INV00272,2026-07-10,CUST0298,17534.46,INR,NETBANKING,SUCCESS,SET00272,2026-07-11,17534.46,263.02,47.34,SETTLED,CUST0298,17534.46,17534.46,PAID,NONE,True,MATCHED
PAY00273,TXN00273,INV00273,2026-07-06,CUST0015,5023.45,INR,NETBANKING,SUCCESS,SET00273,2026-07-08,5023.45,75.35,13.56,SETTLED,CUST0015,5023.45,5023.45,PAID,NONE,True,MATCHED
PAY00274,TXN00274,INV00274,2026-08-01,CUST0016,88955.19,INR,NETBANKING,SUCCESS,SET00274,2026-08-03,88955.19,1334.33,240.18,SETTLED,CUST0016,88955.19,88955.19,PAID,NONE,True,MATCHED
PAY00275,TXN00275,INV00275,2026-08-13,CUST0126,40906.21,INR,WALLET,SUCCESS,SET00275,2026-08-14,40906.21,613.59,110.45,SETTLED,CUST0126,40906.21,40906.21,PAID,NONE,True,MATCHED
PAY00276,TXN00276,INV00276,2026-07-27,CUST0226,48682.99,INR,CARD,SUCCESS,SET00276,2026-07-29,48682.99,730.24,131.44,SETTLED,CUST0226,48682.99,48682.99,PAID,NONE,True,MATCHED
PAY00277,TXN00277,INV00277,2026-08-16,CUST0164,98808.33,INR,NETBANKING,SUCCESS,SET00277,2026-08-19,98808.33,1482.12,266.78,SETTLED,CUST0164,99896.78,98808.33,PAID,INVOICE_MISMATCH,False,EXCEPTION
PAY00278,TXN00278,INV00278,2026-07-07,CUST0288,32252.03,INR,WALLET,SUCCESS,SET00278,2026-07-08,32252.03,483.78,87.08,SETTLED,CUST0288,32252.03,32252.03,PAID,NONE,True,MATCHED
PAY00279,TXN00279,INV00279,2026-07-07,CUST0073,5535.23,INR,WALLET,SUCCESS,SET00279,2026-07-08,3606.13,83.03,14.95,SETTLED,CUST0073,5535.23,5535.23,PAID,AMOUNT_MISMATCH,False,EXCEPTION
PAY00280,TXN00280,INV00280,2026-07-21,CUST0082,93408.28,INR,NETBANKING,SUCCESS,SET00280,2026-07-23,93408.28,1401.12,252.2,SETTLED,CUST0082,93408.28,93408.28,PAID,NONE,True,MATCHED
PAY00281,TXN00281,INV00281,2026-07-30,CUST0264,50126.59,INR,NETBANKING,SUCCESS,SET00281,2026-08-01,50126.59,751.9,135.34,SETTLED,CUST0264,50126.59,50126.59,PAID,NONE,True,MATCHED
PAY00282,TXN00282,INV00282,2026-07-30,CUST0259,96685.32,INR,CARD,SUCCESS,SET00282,2026-07-31,96685.32,1450.28,261.05,SETTLED,CUST0259,96685.32,96685.32,PAID,NONE,True,MATCHED
PAY00283,TXN00283,INV00283,2026-08-01,CUST0145,59953.12,INR,WALLET,SUCCESS,SET00283,2026-08-02,59953.12,899.3,161.87,SETTLED,CUST0145,59953.12,59953.12,PAID,NONE,True,MATCHED
PAY00284,TXN00284,INV00284,2026-07-09,CUST0221,88304.35,INR,NETBANKING,SUCCESS,SET00284,2026-07-10,88304.35,1324.57,238.42,SETTLED,CUST0221,88304.35,88304.35,PAID,NONE,True,MATCHED
PAY00285,TXN00285,INV00285,2026-07-04,CUST0206,57243.02,INR,CARD,SUCCESS,SET00285,2026-07-05,57243.02,858.65,154.56,SETTLED,CUST0206,57243.02,57243.02,PAID,NONE,True,MATCHED
PAY00286,TXN00286,INV00286,2026-08-02,CUST0198,45310.26,INR,NETBANKING,SUCCESS,SET00286,2026-08-05,45310.26,679.65,122.34,SETTLED,CUST0198,45310.26,45310.26,PAID,NONE,True,MATCHED
PAY00287,TXN00287,INV00287,2026-07-09,CUST0061,97520.74,INR,WALLET,SUCCESS,SET00287,2026-07-12,97520.74,1462.81,263.31,SETTLED,CUST0061,97520.74,97520.74,PAID,NONE,True,MATCHED
PAY00288,TXN00288,INV00288,2026-08-18,CUST0188,14854.6,INR,WALLET,SUCCESS,SET00288,2026-08-19,14854.6,222.82,40.11,SETTLED,CUST0188,14854.6,14854.6,PAID,NONE,True,MATCHED
PAY00289,TXN00289,INV00289,2026-08-15,CUST0071,33637.55,INR,WALLET,SUCCESS,SET00289,2026-08-18,33637.55,504.56,90.82,SETTLED,CUST0071,33637.55,33637.55,PAID,NONE,True,MATCHED
PAY00290,TXN00290,INV00290,2026-07-09,CUST0264,33132.6,INR,NETBANKING,SUCCESS,SET00290,2026-07-12,33132.6,496.99,89.46,SETTLED,CUST0264,33132.6,33132.6,PAID,NONE,True,MATCHED
PAY00291,TXN00291,INV00291,2026-08-07,CUST0154,33969.16,INR,WALLET,SUCCESS,SET00291,2026-08-09,33969.16,509.54,91.72,SETTLED,CUST0154,33969.16,33969.16,PAID,NONE,True,MATCHED
PAY00292,TXN00292,INV00292,2026-07-24,CUST0009,33458.34,INR,UPI,SUCCESS,SET00292,2026-07-27,33458.34,501.88,90.34,SETTLED,CUST0009,36585.0,33458.34,PAID,INVOICE_MISMATCH,False,EXCEPTION
PAY00293,TXN00293,INV00293,2026-08-08,CUST0014,47721.73,INR,CARD,SUCCESS,SET00293,2026-08-10,47721.73,715.83,128.85,SETTLED,CUST0014,47721.73,47721.73,PAID,NONE,True,MATCHED
PAY00294,TXN00294,INV00294,2026-08-03,CUST0088,63088.01,INR,WALLET,SUCCESS,SET00294,2026-08-04,63088.01,946.32,170.34,SETTLED,CUST0088,63088.01,63088.01,PAID,NONE,True,MATCHED
PAY00295,TXN00295,INV00295,2026-08-06,CUST0017,94846.41,INR,UPI,SUCCESS,SET00295,2026-08-08,94846.41,1422.7,256.09,SETTLED,CUST0017,94846.41,94846.41,PAID,NONE,True,MATCHED
PAY00296,TXN00296,INV00296,2026-07-10,CUST0215,41589.53,INR,CARD,SUCCESS,SET00296,2026-07-12,41589.53,623.84,112.29,SETTLED,CUST0215,41589.53,41589.53,PAID,NONE,True,MATCHED
PAY00297,TXN00297,INV00297,2026-08-15,CUST0032,14239.21,INR,CARD,SUCCESS,SET00297,2026-08-17,14239.21,213.59,38.45,SETTLED,CUST0032,14239.21,14239.21,PAID,NONE,True,MATCHED
PAY00298,TXN00298,INV00298,2026-07-25,CUST0270,31718.38,INR,CARD,SUCCESS,SET00298,2026-07-27,31718.38,475.78,85.64,SETTLED,CUST0270,31718.38,31718.38,PAID,NONE,True,MATCHED
PAY00299,TXN00299,INV00299,2026-07-23,CUST0280,67748.92,INR,NETBANKING,SUCCESS,SET00299,2026-07-24,67748.92,1016.23,182.92,SETTLED,CUST0280,67748.92,67748.92,PAID,NONE,True,MATCHED
PAY00300,TXN00300,INV00300,2026-08-05,CUST0143,30200.67,INR,NETBANKING,SUCCESS,SET00300,2026-08-06,30200.67,453.01,81.54,SETTLED,CUST0143,30200.67,30200.67,PAID,NONE,True,MATCHED
PAY00301,TXN00301,INV00301,2026-07-21,CUST0251,48240.44,INR,NETBANKING,SUCCESS,SET00301,2026-07-24,48240.44,723.61,130.25,SETTLED,CUST0251,48240.44,48240.44,PAID,NONE,True,MATCHED
PAY00302,TXN00302,INV00302,2026-07-25,CUST0279,89628.17,INR,WALLET,SUCCESS,SET00302,2026-07-27,89628.17,1344.42,242.0,SETTLED,CUST0279,89628.17,89628.17,PAID,NONE,True,MATCHED
PAY00303,TXN00303,INV00303,2026-07-19,CUST0022,95553.71,INR,UPI,SUCCESS,SET00303,2026-07-22,95553.71,1433.31,258.0,SETTLED,CUST0022,95553.71,95553.71,PAID,NONE,True,MATCHED
PAY00304,TXN00304,INV00304,2026-08-17,CUST0132,48168.39,INR,CARD,SUCCESS,SET00304,2026-08-20,48168.39,722.53,130.06,SETTLED,CUST0132,48168.39,48168.39,PAID,NONE,True,MATCHED
PAY00305,TXN00305,INV00305,2026-07-09,CUST0140,11368.04,INR,CARD,SUCCESS,SET00305,2026-07-12,11368.04,170.52,30.69,SETTLED,CUST0140,11368.04,11368.04,PAID,NONE,True,MATCHED
PAY00306,TXN00306,INV00306,2026-08-10,CUST0116,23667.24,INR,UPI,SUCCESS,SET00306,2026-08-12,23667.24,355.01,63.9,SETTLED,CUST0116,23667.24,23667.24,PAID,NONE,True,MATCHED
PAY00307,TXN00307,INV00307,2026-08-13,CUST0052,77191.22,INR,UPI,SUCCESS,SET00307,2026-08-15,77191.22,1157.87,208.42,SETTLED,CUST0052,82091.82,77191.22,PAID,INVOICE_MISMATCH,False,EXCEPTION
PAY00308,TXN00308,INV00308,2026-07-31,CUST0244,65228.6,INR,NETBANKING,SUCCESS,SET00308,2026-08-01,65228.6,978.43,176.12,SETTLED,CUST0244,65228.6,65228.6,PAID,NONE,True,MATCHED
PAY00309,TXN00309,INV00309,2026-08-11,CUST0046,57626.27,INR,UPI,SUCCESS,,,,,,,CUST0046,57626.27,57626.27,PAID,MISSING_SETTLEMENT,False,EXCEPTION
PAY00310,TXN00310,INV00310,2026-07-03,CUST0091,99718.59,INR,WALLET,SUCCESS,SET00310,2026-07-06,99718.59,1495.78,269.24,SETTLED,CUST0091,99718.59,99718.59,PAID,NONE,True,MATCHED
PAY00311,TXN00311,INV00311,2026-07-03,CUST0149,1422.08,INR,UPI,SUCCESS,,,,,,,CUST0149,1422.08,1422.08,PAID,MISSING_SETTLEMENT,False,EXCEPTION
PAY00312,TXN00312,INV00312,2026-08-11,CUST0233,54558.4,INR,WALLET,SUCCESS,SET00312,2026-08-14,53569.16,818.38,147.31,SETTLED,CUST0233,54558.4,54558.4,PAID,AMOUNT_MISMATCH,False,EXCEPTION
PAY00313,TXN00313,INV00313,2026-07-08,CUST0099,33403.07,INR,WALLET,SUCCESS,SET00313,2026-07-09,33403.07,501.05,90.19,SETTLED,CUST0099,33403.07,33403.07,PAID,NONE,True,MATCHED
PAY00314,TXN00314,INV00314,2026-08-17,CUST0008,34042.66,INR,NETBANKING,SUCCESS,SET00314,2026-08-18,34042.66,510.64,91.92,SETTLED,CUST0008,34042.66,34042.66,PAID,NONE,True,MATCHED
PAY00315,TXN00315,INV00315,2026-07-28,CUST0208,51770.43,INR,UPI,SUCCESS,SET00315,2026-07-29,51770.43,776.56,139.78,SETTLED,CUST0208,51770.43,51770.43,PAID,NONE,True,MATCHED
PAY00316,TXN00316,INV00316,2026-07-31,CUST0072,32698.37,INR,CARD,SUCCESS,SET00316,2026-08-01,32698.37,490.48,88.29,SETTLED,CUST0072,32698.37,32698.37,PAID,NONE,True,MATCHED
PAY00317,TXN00317,INV00317,2026-08-18,CUST0229,27065.94,INR,NETBANKING,SUCCESS,SET00317,2026-08-21,27065.94,405.99,73.08,SETTLED,CUST0229,27065.94,27065.94,PAID,NONE,True,MATCHED
PAY00318,TXN00318,INV00318,2026-07-17,CUST0006,65541.5,INR,CARD,SUCCESS,SET00318,2026-07-19,65541.5,983.12,176.96,SETTLED,CUST0006,65541.5,65541.5,PAID,NONE,True,MATCHED
PAY00319,TXN00319,INV00319,2026-07-11,CUST0158,40838.95,INR,NETBANKING,SUCCESS,SET00319,2026-07-13,40838.95,612.58,110.26,SETTLED,CUST0158,40838.95,40838.95,PAID,NONE,True,MATCHED
PAY00320,TXN00320,INV00320,2026-08-09,CUST0189,22474.5,INR,CARD,SUCCESS,SET00320,2026-08-12,22474.5,337.12,60.68,SETTLED,CUST0189,22474.5,22474.5,PAID,NONE,True,MATCHED
PAY00321,TXN00321,INV00321,2026-07-27,CUST0192,70343.1,INR,WALLET,SUCCESS,SET00321,2026-07-28,70343.1,1055.15,189.93,SETTLED,CUST0192,70343.1,70343.1,PAID,NONE,True,MATCHED
PAY00322,TXN00322,INV00322,2026-08-13,CUST0127,75596.59,INR,UPI,SUCCESS,SET00322,2026-08-16,75596.59,1133.95,204.11,SETTLED,CUST0127,75596.59,75596.59,PAID,NONE,True,MATCHED
PAY00323,TXN00323,INV00323,2026-07-05,CUST0186,91765.85,INR,UPI,SUCCESS,SET00323,2026-07-08,91765.85,1376.49,247.77,SETTLED,CUST0186,91765.85,91765.85,PAID,NONE,True,MATCHED
PAY00324,TXN00324,INV00324,2026-08-06,CUST0104,53897.69,INR,CARD,SUCCESS,SET00324,2026-08-08,53897.69,808.47,145.52,SETTLED,CUST0104,53897.69,53897.69,PAID,NONE,True,MATCHED
PAY00325,TXN00325,INV00325,2026-08-13,CUST0060,20937.45,INR,WALLET,SUCCESS,SET00325,2026-08-15,20937.45,314.06,56.53,SETTLED,CUST0060,20937.45,20937.45,PAID,NONE,True,MATCHED
PAY00326,TXN00326,INV00326,2026-07-30,CUST0029,13628.46,INR,WALLET,SUCCESS,SET00326,2026-08-02,13628.46,204.43,36.8,SETTLED,CUST0029,13628.46,13628.46,PAID,NONE,True,MATCHED
PAY00327,TXN00327,INV00327,2026-08-13,CUST0237,80788.08,INR,UPI,SUCCESS,SET00327,2026-08-16,80788.08,1211.82,218.13,SETTLED,CUST0237,80788.08,80788.08,PAID,NONE,True,MATCHED
PAY00328,TXN00328,INV00328,2026-08-07,CUST0112,7766.44,INR,WALLET,SUCCESS,SET00328,2026-08-10,7766.44,116.5,20.97,SETTLED,CUST0112,7766.44,7766.44,PAID,NONE,True,MATCHED
PAY00329,TXN00329,INV00329,2026-07-05,CUST0031,98620.66,INR,WALLET,SUCCESS,SET00329,2026-07-06,98620.66,1479.31,266.28,SETTLED,CUST0031,98620.66,98620.66,PAID,NONE,True,MATCHED
PAY00330,TXN00330,INV00330,2026-08-19,CUST0070,64331.74,INR,WALLET,SUCCESS,SET00330,2026-08-21,64331.74,964.98,173.7,SETTLED,CUST0070,64331.74,64331.74,PAID,NONE,True,MATCHED
PAY00331,TXN00331,INV00331,2026-07-25,CUST0194,8484.87,INR,CARD,SUCCESS,SET00331,2026-07-26,8484.87,127.27,22.91,SETTLED,CUST0194,8484.87,8484.87,PAID,NONE,True,MATCHED
PAY00332,TXN00332,INV00332,2026-08-04,CUST0092,39609.33,INR,CARD,SUCCESS,SET00332,2026-08-05,39609.33,594.14,106.95,SETTLED,CUST0092,39609.33,39609.33,PAID,NONE,True,MATCHED
PAY00333,TXN00333,INV00333,2026-07-20,CUST0012,46568.89,INR,WALLET,SUCCESS,SET00333,2026-07-21,46568.89,698.53,125.74,SETTLED,CUST0012,46568.89,46568.89,PAID,NONE,True,MATCHED
PAY00334,TXN00334,INV00334,2026-07-23,CUST0236,15934.58,INR,CARD,SUCCESS,SET00334,2026-07-24,15934.58,239.02,43.02,SETTLED,CUST0236,15934.58,15934.58,PAID,DUPLICATE_PAYMENT,False,EXCEPTION
PAY00334_DUP,TXN00334_DUP,INV00334,2026-07-23,CUST0236,15934.58,INR,CARD,SUCCESS,,,,,,,CUST0236,15934.58,15934.58,PAID,MISSING_SETTLEMENT;DUPLICATE_PAYMENT,False,EXCEPTION
PAY00335,TXN00335,INV00335,2026-08-12,CUST0017,42214.44,INR,UPI,SUCCESS,SET00335,2026-08-13,42214.44,633.22,113.98,SETTLED,CUST0017,42214.44,42214.44,PAID,NONE,True,MATCHED
PAY00336,TXN00336,INV00336,2026-07-29,CUST0018,59979.6,INR,UPI,SUCCESS,SET00336,2026-07-31,59979.6,899.69,161.94,SETTLED,CUST0018,59979.6,59979.6,PAID,NONE,True,MATCHED
PAY00337,TXN00337,INV00337,2026-07-15,CUST0225,54206.1,INR,UPI,SUCCESS,SET00337,2026-07-16,54206.1,813.09,146.36,SETTLED,CUST0225,54206.1,54206.1,PAID,NONE,True,MATCHED
PAY00338,TXN00338,INV00338,2026-07-21,CUST0295,57958.74,INR,NETBANKING,SUCCESS,SET00338,2026-07-24,57958.74,869.38,156.49,SETTLED,CUST0295,57958.74,57958.74,PAID,NONE,True,MATCHED
PAY00339,TXN00339,INV00339,2026-07-15,CUST0267,41649.24,INR,NETBANKING,SUCCESS,SET00339,2026-07-18,41649.24,624.74,112.45,SETTLED,CUST0267,41649.24,41649.24,PAID,NONE,True,MATCHED
PAY00340,TXN00340,INV00340,2026-08-10,CUST0090,68035.64,INR,WALLET,SUCCESS,SET00340,2026-08-13,68035.64,1020.53,183.7,SETTLED,CUST0090,68035.64,68035.64,PAID,NONE,True,MATCHED
PAY00341,TXN00341,INV00341,2026-08-20,CUST0196,52684.07,INR,WALLET,SUCCESS,SET00341,2026-08-22,52684.07,790.26,142.25,SETTLED,CUST0196,52684.07,52684.07,PAID,NONE,True,MATCHED
PAY00342,TXN00342,INV00342,2026-08-18,CUST0095,54023.86,INR,CARD,SUCCESS,SET00342,2026-08-21,54023.86,810.36,145.86,SETTLED,CUST0095,54023.86,54023.86,PAID,NONE,True,MATCHED
PAY00343,TXN00343,INV00343,2026-07-30,CUST0074,91516.75,INR,WALLET,SUCCESS,SET00343,2026-08-01,91516.75,1372.75,247.09,SETTLED,CUST0074,94524.54,91516.75,PAID,INVOICE_MISMATCH,False,EXCEPTION
PAY00344,TXN00344,INV00344,2026-07-17,CUST0125,20732.0,INR,UPI,SUCCESS,,,,,,,CUST0125,20732.0,20732.0,PAID,MISSING_SETTLEMENT,False,EXCEPTION
PAY00345,TXN00345,INV00345,2026-08-16,CUST0275,83025.93,INR,UPI,SUCCESS,SET00345,2026-08-19,83025.93,1245.39,224.17,SETTLED,CUST0275,83025.93,83025.93,PAID,NONE,True,MATCHED
PAY00346,TXN00346,INV00346,2026-07-05,CUST0021,19222.25,INR,CARD,SUCCESS,SET00346,2026-07-07,19222.25,288.33,51.9,SETTLED,CUST0021,19222.25,19222.25,PAID,NONE,True,MATCHED
PAY00347,TXN00347,INV00347,2026-07-14,CUST0008,93747.4,INR,UPI,SUCCESS,SET00347,2026-07-15,93747.4,1406.21,253.12,SETTLED,CUST0008,93747.4,93747.4,PAID,NONE,True,MATCHED
PAY00348,TXN00348,INV00348,2026-07-26,CUST0105,91555.08,INR,NETBANKING,SUCCESS,SET00348,2026-07-28,91555.08,1373.33,247.2,SETTLED,CUST0105,91555.08,91555.08,PAID,NONE,True,MATCHED
PAY00349,TXN00349,INV00349,2026-08-11,CUST0274,36246.33,INR,NETBANKING,SUCCESS,SET00349,2026-08-13,36246.33,543.69,97.86,SETTLED,CUST0274,36246.33,36246.33,PAID,NONE,True,MATCHED
PAY00350,TXN00350,INV00350,2026-08-16,CUST0051,47214.3,INR,NETBANKING,SUCCESS,,,,,,,CUST0051,47214.3,47214.3,PAID,MISSING_SETTLEMENT,False,EXCEPTION
PAY00351,TXN00351,INV00351,2026-07-03,CUST0212,56471.21,INR,CARD,SUCCESS,SET00351,2026-07-05,56471.21,847.07,152.47,SETTLED,CUST0212,56471.21,56471.21,PAID,NONE,True,MATCHED
PAY00352,TXN00352,INV00352,2026-08-07,CUST0284,58124.72,INR,WALLET,SUCCESS,SET00352,2026-08-09,58124.72,871.87,156.94,SETTLED,CUST0284,58124.72,58124.72,PAID,NONE,True,MATCHED
PAY00353,TXN00353,INV00353,2026-07-25,CUST0118,57194.06,INR,CARD,SUCCESS,SET00353,2026-07-28,57194.06,857.91,154.42,SETTLED,CUST0118,57194.06,57194.06,PAID,NONE,True,MATCHED
PAY00354,TXN00354,INV00354,2026-07-17,CUST0173,76454.38,INR,WALLET,SUCCESS,SET00354,2026-07-19,76454.38,1146.82,206.43,SETTLED,CUST0173,79842.01,76454.38,PAID,INVOICE_MISMATCH,False,EXCEPTION
PAY00355,TXN00355,INV00355,2026-08-16,CUST0087,79600.06,INR,CARD,SUCCESS,SET00355,2026-08-18,79600.06,1194.0,214.92,SETTLED,CUST0087,79600.06,79600.06,PAID,NONE,True,MATCHED
PAY00356,TXN00356,INV00356,2026-08-04,CUST0095,99037.19,INR,UPI,SUCCESS,SET00356,2026-08-07,99037.19,1485.56,267.4,SETTLED,CUST0095,99037.19,99037.19,PAID,NONE,True,MATCHED
PAY00357,TXN00357,INV00357,2026-08-18,CUST0025,1135.19,INR,CARD,SUCCESS,SET00357,2026-08-19,1135.19,17.03,3.07,SETTLED,CUST0025,1135.19,1135.19,PAID,NONE,True,MATCHED
PAY00358,TXN00358,INV00358,2026-07-01,CUST0078,22262.61,INR,WALLET,SUCCESS,SET00358,2026-07-04,22262.61,333.94,60.11,SETTLED,CUST0078,22262.61,22262.61,PAID,NONE,True,MATCHED
PAY00359,TXN00359,INV00359,2026-08-12,CUST0248,49041.51,INR,UPI,SUCCESS,SET00359,2026-08-13,49041.51,735.62,132.41,SETTLED,CUST0248,49041.51,49041.51,PAID,NONE,True,MATCHED
PAY00360,TXN00360,INV00360,2026-08-03,CUST0009,72358.18,INR,NETBANKING,SUCCESS,SET00360,2026-08-06,72358.18,1085.37,195.37,SETTLED,CUST0009,72358.18,72358.18,PAID,NONE,True,MATCHED
PAY00361,TXN00361,INV00361,2026-07-12,CUST0221,11148.13,INR,UPI,SUCCESS,SET00361,2026-07-13,11148.13,167.22,30.1,SETTLED,CUST0221,11148.13,11148.13,PAID,NONE,True,MATCHED
PAY00362,TXN00362,INV00362,2026-07-17,CUST0270,81613.83,INR,NETBANKING,SUCCESS,SET00362,2026-07-19,81613.83,1224.21,220.36,SETTLED,CUST0270,81613.83,81613.83,PAID,NONE,True,MATCHED
PAY00363,TXN00363,INV00363,2026-07-30,CUST0208,56717.72,INR,CARD,SUCCESS,SET00363,2026-08-02,56717.72,850.77,153.14,SETTLED,CUST0208,56717.72,56717.72,PAID,NONE,True,MATCHED
PAY00364,TXN00364,INV00364,2026-07-06,CUST0017,40825.19,INR,WALLET,SUCCESS,SET00364,2026-07-09,40825.19,612.38,110.23,SETTLED,CUST0017,40825.19,40825.19,PAID,NONE,True,MATCHED
PAY00365,TXN00365,INV00365,2026-08-14,CUST0005,17552.67,INR,WALLET,SUCCESS,SET00365,2026-08-16,17552.67,263.29,47.39,SETTLED,CUST0005,17552.67,17552.67,PAID,NONE,True,MATCHED
PAY00366,TXN00366,INV00366,2026-07-07,CUST0290,89531.73,INR,UPI,SUCCESS,SET00366,2026-07-10,89531.73,1342.98,241.74,SETTLED,CUST0290,89531.73,89531.73,PAID,NONE,True,MATCHED
PAY00367,TXN00367,INV00367,2026-07-18,CUST0244,5132.92,INR,UPI,SUCCESS,SET00367,2026-07-21,5132.92,76.99,13.86,SETTLED,CUST0244,5132.92,5132.92,PAID,NONE,True,MATCHED
PAY00368,TXN00368,INV00368,2026-08-12,CUST0289,3773.73,INR,NETBANKING,SUCCESS,SET00368,2026-08-15,3773.73,56.61,10.19,SETTLED,CUST0289,3773.73,3773.73,PAID,NONE,True,MATCHED
PAY00369,TXN00369,INV00369,2026-08-18,CUST0074,82158.73,INR,WALLET,SUCCESS,,,,,,,CUST0074,82158.73,82158.73,PAID,MISSING_SETTLEMENT,False,EXCEPTION
PAY00370,TXN00370,INV00370,2026-07-16,CUST0289,56886.24,INR,WALLET,SUCCESS,SET00370,2026-07-18,56886.24,853.29,153.59,SETTLED,CUST0289,56886.24,56886.24,PAID,NONE,True,MATCHED
PAY00371,TXN00371,INV00371,2026-08-18,CUST0197,74104.64,INR,UPI,SUCCESS,SET00371,2026-08-19,74104.64,1111.57,200.08,SETTLED,CUST0197,74104.64,74104.64,PAID,NONE,True,MATCHED
PAY00372,TXN00372,INV00372,2026-07-28,CUST0051,23598.33,INR,UPI,SUCCESS,SET00372,2026-07-31,23598.33,353.97,63.71,SETTLED,CUST0051,23598.33,23598.33,PAID,NONE,True,MATCHED
PAY00373,TXN00373,INV00373,2026-08-19,CUST0204,32974.48,INR,NETBANKING,SUCCESS,SET00373,2026-08-21,32974.48,494.62,89.03,SETTLED,CUST0204,32974.48,32974.48,PAID,NONE,True,MATCHED
PAY00374,TXN00374,INV00374,2026-07-23,CUST0117,55527.25,INR,WALLET,SUCCESS,SET00374,2026-07-26,55527.25,832.91,149.92,SETTLED,CUST0117,55527.25,55527.25,PAID,NONE,True,MATCHED
PAY00375,TXN00375,INV00375,2026-07-06,CUST0195,77330.66,INR,NETBANKING,SUCCESS,SET00375,2026-07-07,77330.66,1159.96,208.79,SETTLED,CUST0195,77330.66,77330.66,PAID,NONE,True,MATCHED
PAY00376,TXN00376,INV00376,2026-07-18,CUST0043,15844.99,INR,CARD,SUCCESS,SET00376,2026-07-20,15844.99,237.67,42.78,SETTLED,CUST0043,15844.99,15844.99,PAID,NONE,True,MATCHED
PAY00377,TXN00377,INV00377,2026-07-06,CUST0055,1016.92,INR,NETBANKING,SUCCESS,SET00377,2026-07-07,1016.92,15.25,2.75,SETTLED,CUST0055,1016.92,1016.92,PAID,NONE,True,MATCHED
PAY00378,TXN00378,INV00378,2026-07-06,CUST0068,19145.48,INR,WALLET,SUCCESS,SET00378,2026-07-08,19145.48,287.18,51.69,SETTLED,CUST0068,19145.48,19145.48,PAID,NONE,True,MATCHED
PAY00379,TXN00379,INV00379,2026-07-02,CUST0053,9417.07,INR,UPI,SUCCESS,SET00379,2026-07-04,9417.07,141.26,25.43,SETTLED,CUST0053,9417.07,9417.07,PAID,NONE,True,MATCHED
PAY00380,TXN00380,INV00380,2026-07-19,CUST0007,41674.1,INR,UPI,SUCCESS,SET00380,2026-07-20,41674.1,625.11,112.52,SETTLED,CUST0007,41674.1,41674.1,PAID,NONE,True,MATCHED
PAY00381,TXN00381,INV00381,2026-08-03,CUST0293,17373.5,INR,WALLET,SUCCESS,SET00381,2026-08-05,17373.5,260.6,46.91,SETTLED,CUST0293,17373.5,17373.5,PAID,NONE,True,MATCHED
PAY00382,TXN00382,INV00382,2026-08-01,CUST0138,15020.51,INR,CARD,SUCCESS,SET00382,2026-08-03,15020.51,225.31,40.56,SETTLED,CUST0138,15020.51,15020.51,PAID,NONE,True,MATCHED
PAY00383,TXN00383,INV00383,2026-08-20,CUST0248,8153.68,INR,NETBANKING,SUCCESS,SET00383,2026-08-23,8153.68,122.31,22.02,SETTLED,CUST0248,8153.68,8153.68,PAID,DUPLICATE_PAYMENT,False,EXCEPTION
PAY00383_DUP,TXN00383_DUP,INV00383,2026-08-20,CUST0248,8153.68,INR,NETBANKING,SUCCESS,,,,,,,CUST0248,8153.68,8153.68,PAID,MISSING_SETTLEMENT;DUPLICATE_PAYMENT,False,EXCEPTION
PAY00384,TXN00384,INV00384,2026-08-08,CUST0254,61858.54,INR,WALLET,SUCCESS,SET00384,2026-08-09,61858.54,927.88,167.02,SETTLED,CUST0254,61858.54,61858.54,PAID,NONE,True,MATCHED
PAY00385,TXN00385,INV00385,2026-07-22,CUST0203,84240.53,INR,WALLET,SUCCESS,SET00385,2026-07-24,84240.53,1263.61,227.45,SETTLED,CUST0203,84240.53,84240.53,PAID,NONE,True,MATCHED
PAY00386,TXN00386,INV00386,2026-07-28,CUST0172,81639.81,INR,CARD,SUCCESS,SET00386,2026-07-31,81639.81,1224.6,220.43,SETTLED,CUST0172,81639.81,81639.81,PAID,NONE,True,MATCHED
PAY00387,TXN00387,INV00387,2026-07-31,CUST0103,31761.24,INR,WALLET,SUCCESS,SET00387,2026-08-03,31761.24,476.42,85.76,SETTLED,CUST0103,33572.76,31761.24,PAID,INVOICE_MISMATCH,False,EXCEPTION
PAY00388,TXN00388,INV00388,2026-08-06,CUST0252,78306.45,INR,NETBANKING,SUCCESS,SET00388,2026-08-08,78306.45,1174.6,211.43,SETTLED,CUST0252,78306.45,78306.45,PAID,NONE,True,MATCHED
PAY00389,TXN00389,INV00389,2026-08-06,CUST0059,20380.1,INR,CARD,SUCCESS,SET00389,2026-08-07,20380.1,305.7,55.03,SETTLED,CUST0059,20380.1,20380.1,PAID,NONE,True,MATCHED
PAY00390,TXN00390,INV00390,2026-08-15,CUST0237,21360.02,INR,NETBANKING,SUCCESS,SET00390,2026-08-17,21360.02,320.4,57.67,SETTLED,CUST0237,21360.02,21360.02,PAID,NONE,True,MATCHED
PAY00391,TXN00391,INV00391,2026-07-09,CUST0256,63516.94,INR,CARD,SUCCESS,SET00391,2026-07-12,63516.94,952.75,171.5,SETTLED,CUST0256,63516.94,63516.94,PAID,NONE,True,MATCHED
PAY00392,TXN00392,INV00392,2026-08-20,CUST0217,38010.59,INR,WALLET,SUCCESS,SET00392,2026-09-02,38010.59,570.16,102.63,SETTLED,CUST0217,38010.59,38010.59,PAID,DELAYED_SETTLEMENT,False,EXCEPTION
PAY00393,TXN00393,INV00393,2026-08-02,CUST0274,92387.83,INR,WALLET,SUCCESS,SET00393,2026-08-05,92387.83,1385.82,249.45,SETTLED,CUST0274,92387.83,92387.83,PAID,NONE,True,MATCHED
PAY00394,TXN00394,INV00394,2026-08-08,CUST0275,63998.95,INR,UPI,SUCCESS,SET00394,2026-08-11,63998.95,959.98,172.8,SETTLED,CUST0275,63998.95,63998.95,PAID,NONE,True,MATCHED
PAY00395,TXN00395,INV00395,2026-07-11,CUST0182,64876.48,INR,UPI,SUCCESS,SET00395,2026-07-14,64876.48,973.15,175.17,SETTLED,CUST0182,64876.48,64876.48,PAID,NONE,True,MATCHED
PAY00396,TXN00396,INV00396,2026-08-18,CUST0205,33493.87,INR,WALLET,SUCCESS,SET00396,2026-08-20,33493.87,502.41,90.43,SETTLED,CUST0205,33493.87,33493.87,PAID,NONE,True,MATCHED
PAY00397,TXN00397,INV00397,2026-08-02,CUST0114,74811.88,INR,CARD,SUCCESS,SET00397,2026-08-04,74811.88,1122.18,201.99,SETTLED,CUST0114,74811.88,74811.88,PAID,NONE,True,MATCHED
PAY00398,TXN00398,INV00398,2026-07-10,CUST0257,34824.26,INR,UPI,SUCCESS,SET00398,2026-07-12,34824.26,522.36,94.02,SETTLED,CUST0257,34824.26,34824.26,PAID,NONE,True,MATCHED
PAY00399,TXN00399,INV00399,2026-07-08,CUST0044,83216.12,INR,CARD,SUCCESS,SET00399,2026-07-10,83216.12,1248.24,224.68,SETTLED,CUST0044,83216.12,83216.12,PAID,NONE,True,MATCHED
PAY00400,TXN00400,INV00400,2026-08-03,CUST0106,48551.14,INR,WALLET,SUCCESS,SET00400,2026-08-06,48551.14,728.27,131.09,SETTLED,CUST0106,48551.14,48551.14,PAID,NONE,True,MATCHED
PAY00401,TXN00401,INV00401,2026-07-21,CUST0232,7183.85,INR,UPI,SUCCESS,SET00401,2026-07-22,7183.85,107.76,19.4,SETTLED,CUST0232,7183.85,7183.85,PAID,NONE,True,MATCHED
PAY00402,TXN00402,INV00402,2026-08-11,CUST0176,11381.59,INR,CARD,SUCCESS,,,,,,,CUST0176,11381.59,11381.59,PAID,MISSING_SETTLEMENT,False,EXCEPTION
PAY00403,TXN00403,INV00403,2026-07-12,CUST0265,55415.07,INR,NETBANKING,SUCCESS,SET00403,2026-07-13,55415.07,831.23,149.62,SETTLED,CUST0265,55415.07,55415.07,PAID,NONE,True,MATCHED
PAY00404,TXN00404,INV00404,2026-08-10,CUST0208,18852.95,INR,WALLET,SUCCESS,SET00404,2026-08-13,18852.95,282.79,50.9,SETTLED,CUST0208,18852.95,18852.95,PAID,NONE,True,MATCHED
PAY00405,TXN00405,INV00405,2026-07-29,CUST0102,59424.21,INR,WALLET,SUCCESS,SET00405,2026-07-30,59424.21,891.36,160.44,SETTLED,CUST0102,59424.21,59424.21,PAID,NONE,True,MATCHED
PAY00406,TXN00406,INV00406,2026-08-18,CUST0143,70524.09,INR,UPI,SUCCESS,SET00406,2026-08-19,70524.09,1057.86,190.41,SETTLED,CUST0143,70524.09,70524.09,PAID,NONE,True,MATCHED
PAY00407,TXN00407,INV00407,2026-07-21,CUST0188,20108.89,INR,UPI,SUCCESS,SET00407,2026-07-24,20108.89,301.63,54.29,SETTLED,CUST0188,20108.89,20108.89,PAID,NONE,True,MATCHED
PAY00408,TXN00408,INV00408,2026-08-08,CUST0161,39169.61,INR,WALLET,SUCCESS,SET00408,2026-08-10,39169.61,587.54,105.76,SETTLED,CUST0161,39169.61,39169.61,PAID,NONE,True,MATCHED
PAY00409,TXN00409,INV00409,2026-08-09,CUST0235,17666.49,INR,NETBANKING,SUCCESS,,,,,,,CUST0235,17666.49,17666.49,PAID,MISSING_SETTLEMENT,False,EXCEPTION
PAY00410,TXN00410,INV00410,2026-07-21,CUST0069,12227.23,INR,NETBANKING,SUCCESS,SET00410,2026-07-24,12227.23,183.41,33.01,SETTLED,CUST0069,12227.23,12227.23,PAID,NONE,True,MATCHED
PAY00411,TXN00411,INV00411,2026-08-02,CUST0073,39152.1,INR,CARD,SUCCESS,SET00411,2026-08-03,39152.1,587.28,105.71,SETTLED,CUST0073,39152.1,39152.1,PAID,NONE,True,MATCHED
PAY00412,TXN00412,INV00412,2026-08-10,CUST0250,53969.24,INR,CARD,SUCCESS,SET00412,2026-08-12,53969.24,809.54,145.72,SETTLED,CUST0250,53969.24,53969.24,PAID,NONE,True,MATCHED
PAY00413,TXN00413,INV00413,2026-07-12,CUST0072,31800.71,INR,WALLET,SUCCESS,SET00413,2026-07-13,31800.71,477.01,85.86,SETTLED,CUST0072,31800.71,31800.71,PAID,NONE,True,MATCHED
PAY00414,TXN00414,INV00414,2026-07-09,CUST0249,19915.28,INR,WALLET,SUCCESS,SET00414,2026-07-11,19915.28,298.73,53.77,SETTLED,CUST0249,22689.75,19915.28,PAID,INVOICE_MISMATCH,False,EXCEPTION
PAY00415,TXN00415,INV00415,2026-07-27,CUST0252,71159.17,INR,WALLET,SUCCESS,SET00415,2026-07-30,71159.17,1067.39,192.13,SETTLED,CUST0252,71159.17,71159.17,PAID,NONE,True,MATCHED
PAY00416,TXN00416,INV00416,2026-08-20,CUST0016,76225.13,INR,NETBANKING,SUCCESS,SET00416,2026-08-23,76225.13,1143.38,205.81,SETTLED,CUST0016,76225.13,76225.13,PAID,NONE,True,MATCHED
PAY00417,TXN00417,INV00417,2026-07-11,CUST0148,78183.65,INR,WALLET,SUCCESS,SET00417,2026-07-14,78183.65,1172.75,211.09,SETTLED,CUST0148,78183.65,78183.65,PAID,NONE,True,MATCHED
PAY00418,TXN00418,INV00418,2026-07-18,CUST0059,77623.75,INR,NETBANKING,SUCCESS,SET00418,2026-07-21,77623.75,1164.36,209.58,SETTLED,CUST0059,77623.75,77623.75,PAID,NONE,True,MATCHED
PAY00419,TXN00419,INV00419,2026-08-04,CUST0226,22244.92,INR,WALLET,SUCCESS,SET00419,2026-08-05,22244.92,333.67,60.06,SETTLED,CUST0226,22244.92,22244.92,PAID,NONE,True,MATCHED
PAY00420,TXN00420,INV00420,2026-07-03,CUST0153,45248.37,INR,NETBANKING,SUCCESS,SET00420,2026-07-05,43504.32,678.73,122.17,SETTLED,CUST0153,45248.37,45248.37,PAID,AMOUNT_MISMATCH,False,EXCEPTION
PAY00421,TXN00421,INV00421,2026-08-19,CUST0061,81282.95,INR,CARD,SUCCESS,SET00421,2026-08-22,81282.95,1219.24,219.46,SETTLED,CUST0061,81282.95,81282.95,PAID,NONE,True,MATCHED
PAY00422,TXN00422,INV00422,2026-08-15,CUST0180,61221.05,INR,WALLET,SUCCESS,SET00422,2026-08-16,61221.05,918.32,165.3,SETTLED,CUST0180,61221.05,61221.05,PAID,NONE,True,MATCHED
PAY00423,TXN00423,INV00423,2026-07-04,CUST0106,57222.4,INR,NETBANKING,SUCCESS,SET00423,2026-07-06,57222.4,858.34,154.5,SETTLED,CUST0106,57222.4,57222.4,PAID,NONE,True,MATCHED
PAY00424,TXN00424,INV00424,2026-07-19,CUST0150,57487.19,INR,UPI,SUCCESS,SET00424,2026-07-20,57487.19,862.31,155.22,SETTLED,CUST0150,57487.19,57487.19,PAID,NONE,True,MATCHED
PAY00425,TXN00425,INV00425,2026-08-11,CUST0142,13125.37,INR,CARD,SUCCESS,SET00425,2026-08-13,13125.37,196.88,35.44,SETTLED,CUST0142,13125.37,13125.37,PAID,NONE,True,MATCHED
PAY00426,TXN00426,INV00426,2026-08-18,CUST0127,84433.79,INR,WALLET,SUCCESS,SET00426,2026-08-21,84433.79,1266.51,227.97,SETTLED,CUST0127,84433.79,84433.79,PAID,NONE,True,MATCHED
PAY00427,TXN00427,INV00427,2026-08-10,CUST0138,41715.4,INR,WALLET,SUCCESS,SET00427,2026-08-12,41715.4,625.73,112.63,SETTLED,CUST0138,41715.4,41715.4,PAID,NONE,True,MATCHED
PAY00428,TXN00428,INV00428,2026-08-17,CUST0264,28183.46,INR,NETBANKING,SUCCESS,SET00428,2026-08-19,28183.46,422.75,76.09,SETTLED,CUST0264,28183.46,28183.46,PAID,NONE,True,MATCHED
PAY00429,TXN00429,INV00429,2026-07-01,CUST0298,86956.32,INR,UPI,SUCCESS,SET00429,2026-07-04,86956.32,1304.34,234.78,SETTLED,CUST0298,86956.32,86956.32,PAID,NONE,True,MATCHED
PAY00430,TXN00430,INV00430,2026-07-05,CUST0184,79669.95,INR,WALLET,SUCCESS,SET00430,2026-07-06,79669.95,1195.05,215.11,SETTLED,CUST0184,79669.95,79669.95,PAID,NONE,True,MATCHED
PAY00431,TXN00431,INV00431,2026-07-18,CUST0254,32625.08,INR,NETBANKING,SUCCESS,SET00431,2026-07-19,32625.08,489.38,88.09,SETTLED,CUST0254,32625.08,32625.08,PAID,NONE,True,MATCHED
PAY00432,TXN00432,INV00432,2026-08-01,CUST0290,78936.21,INR,UPI,SUCCESS,SET00432,2026-08-03,78936.21,1184.04,213.13,SETTLED,CUST0290,78936.21,78936.21,PAID,NONE,True,MATCHED
PAY00433,TXN00433,INV00433,2026-07-08,CUST0009,92978.57,INR,CARD,SUCCESS,SET00433,2026-07-10,92978.57,1394.68,251.04,SETTLED,CUST0009,92978.57,92978.57,PAID,NONE,True,MATCHED
PAY00434,TXN00434,INV00434,2026-08-14,CUST0104,90986.02,INR,NETBANKING,SUCCESS,SET00434,2026-08-15,90986.02,1364.79,245.66,SETTLED,CUST0104,90986.02,90986.02,PAID,NONE,True,MATCHED
PAY00435,TXN00435,INV00435,2026-07-17,CUST0185,8700.84,INR,CARD,SUCCESS,SET00435,2026-07-19,8700.84,130.51,23.49,SETTLED,CUST0185,8700.84,8700.84,PAID,NONE,True,MATCHED
PAY00436,TXN00436,INV00436,2026-07-28,CUST0120,65720.78,INR,UPI,SUCCESS,SET00436,2026-07-29,65720.78,985.81,177.45,SETTLED,CUST0120,65720.78,65720.78,PAID,NONE,True,MATCHED
PAY00437,TXN00437,INV00437,2026-08-07,CUST0068,23005.99,INR,WALLET,SUCCESS,SET00437,2026-08-09,23005.99,345.09,62.12,SETTLED,CUST0068,23005.99,23005.99,PAID,NONE,True,MATCHED
PAY00438,TXN00438,INV00438,2026-07-28,CUST0062,69556.08,INR,WALLET,SUCCESS,SET00438,2026-07-29,69556.08,1043.34,187.8,SETTLED,CUST0062,69556.08,69556.08,PAID,NONE,True,MATCHED
PAY00439,TXN00439,INV00439,2026-07-07,CUST0053,31678.47,INR,NETBANKING,SUCCESS,SET00439,2026-07-10,31678.47,475.18,85.53,SETTLED,CUST0053,31678.47,31678.47,PAID,NONE,True,MATCHED
PAY00440,TXN00440,INV00440,2026-07-05,CUST0074,53285.57,INR,UPI,SUCCESS,SET00440,2026-07-07,53285.57,799.28,143.87,SETTLED,CUST0074,53285.57,53285.57,PAID,NONE,True,MATCHED
PAY00441,TXN00441,INV00441,2026-08-16,CUST0180,21699.02,INR,CARD,SUCCESS,,,,,,,CUST0180,21699.02,21699.02,PAID,MISSING_SETTLEMENT,False,EXCEPTION
PAY00442,TXN00442,INV00442,2026-07-14,CUST0227,9125.46,INR,UPI,SUCCESS,SET00442,2026-07-17,9125.46,136.88,24.64,SETTLED,CUST0227,9125.46,9125.46,PAID,NONE,True,MATCHED
PAY00443,TXN00443,INV00443,2026-07-23,CUST0197,96343.25,INR,NETBANKING,SUCCESS,SET00443,2026-07-25,96343.25,1445.15,260.13,SETTLED,CUST0197,96343.25,96343.25,PAID,NONE,True,MATCHED
PAY00444,TXN00444,INV00444,2026-07-16,CUST0044,55562.96,INR,NETBANKING,SUCCESS,SET00444,2026-07-17,55562.96,833.44,150.02,SETTLED,CUST0044,55562.96,55562.96,PAID,NONE,True,MATCHED
PAY00445,TXN00445,INV00445,2026-07-14,CUST0155,52016.04,INR,CARD,SUCCESS,SET00445,2026-07-17,52016.04,780.24,140.44,SETTLED,CUST0155,52016.04,52016.04,PAID,NONE,True,MATCHED
PAY00446,TXN00446,INV00446,2026-08-20,CUST0028,89842.3,INR,CARD,SUCCESS,SET00446,2026-08-21,89842.3,1347.63,242.57,SETTLED,CUST0028,89842.3,89842.3,PAID,NONE,True,MATCHED
PAY00447,TXN00447,INV00447,2026-08-10,CUST0256,59596.01,INR,UPI,SUCCESS,SET00447,2026-08-23,59596.01,893.94,160.91,SETTLED,CUST0256,59596.01,59596.01,PAID,DELAYED_SETTLEMENT,False,EXCEPTION
PAY00448,TXN00448,INV00448,2026-07-27,CUST0292,36858.54,INR,CARD,SUCCESS,SET00448,2026-07-28,36858.54,552.88,99.52,SETTLED,CUST0292,36858.54,36858.54,PAID,NONE,True,MATCHED
PAY00449,TXN00449,INV00449,2026-07-01,CUST0035,26587.44,INR,UPI,SUCCESS,,,,,,,CUST0035,26587.44,26587.44,PAID,MISSING_SETTLEMENT,False,EXCEPTION
PAY00450,TXN00450,INV00450,2026-08-10,CUST0147,71406.59,INR,WALLET,SUCCESS,SET00450,2026-08-11,71406.59,1071.1,192.8,SETTLED,CUST0147,71406.59,71406.59,PAID,NONE,True,MATCHED
PAY00451,TXN00451,INV00451,2026-08-04,CUST0275,61796.68,INR,NETBANKING,SUCCESS,SET00451,2026-08-07,61796.68,926.95,166.85,SETTLED,CUST0275,61796.68,61796.68,PAID,NONE,True,MATCHED
PAY00452,TXN00452,INV00452,2026-07-10,CUST0105,53870.82,INR,WALLET,SUCCESS,SET00452,2026-07-13,53870.82,808.06,145.45,SETTLED,CUST0105,53870.82,53870.82,PAID,NONE,True,MATCHED
PAY00453,TXN00453,INV00453,2026-07-20,CUST0034,70018.25,INR,CARD,SUCCESS,SET00453,2026-07-22,70018.25,1050.27,189.05,SETTLED,CUST0034,70018.25,70018.25,PAID,NONE,True,MATCHED
PAY00454,TXN00454,INV00454,2026-07-30,CUST0060,61423.53,INR,UPI,SUCCESS,SET00454,2026-08-02,61423.53,921.35,165.84,SETTLED,CUST0060,61423.53,61423.53,PAID,NONE,True,MATCHED
PAY00455,TXN00455,INV00455,2026-07-08,CUST0090,1760.16,INR,CARD,SUCCESS,SET00455,2026-07-10,1760.16,26.4,4.75,SETTLED,CUST0090,1760.16,1760.16,PAID,NONE,True,MATCHED
PAY00456,TXN00456,INV00456,2026-08-03,CUST0178,51963.67,INR,NETBANKING,SUCCESS,SET00456,2026-08-06,51963.67,779.46,140.3,SETTLED,CUST0178,51963.67,51963.67,PAID,NONE,True,MATCHED
PAY00457,TXN00457,INV00457,2026-08-16,CUST0138,88698.27,INR,UPI,SUCCESS,SET00457,2026-08-18,88698.27,1330.47,239.48,SETTLED,CUST0138,88698.27,88698.27,PAID,NONE,True,MATCHED
PAY00458,TXN00458,INV00458,2026-07-05,CUST0269,26663.49,INR,UPI,SUCCESS,SET00458,2026-07-07,26663.49,399.95,71.99,SETTLED,CUST0269,26663.49,26663.49,PAID,NONE,True,MATCHED
PAY00459,TXN00459,INV00459,2026-08-01,CUST0029,86006.3,INR,CARD,SUCCESS,SET00459,2026-08-02,86006.3,1290.09,232.22,SETTLED,CUST0029,86006.3,86006.3,PAID,NONE,True,MATCHED
PAY00460,TXN00460,INV00460,2026-08-13,CUST0294,72416.45,INR,CARD,SUCCESS,SET00460,2026-08-14,72416.45,1086.25,195.53,SETTLED,CUST0294,72416.45,72416.45,PAID,NONE,True,MATCHED
PAY00461,TXN00461,INV00461,2026-07-16,CUST0007,5075.16,INR,NETBANKING,SUCCESS,SET00461,2026-07-17,5075.16,76.13,13.7,SETTLED,CUST0007,5075.16,5075.16,PAID,NONE,True,MATCHED
PAY00462,TXN00462,INV00462,2026-08-05,CUST0019,80409.99,INR,WALLET,SUCCESS,SET00462,2026-08-07,80409.99,1206.15,217.11,SETTLED,CUST0019,80409.99,80409.99,PAID,NONE,True,MATCHED
PAY00463,TXN00463,INV00463,2026-07-18,CUST0164,82686.7,INR,NETBANKING,SUCCESS,SET00463,2026-07-19,82686.7,1240.3,223.25,SETTLED,CUST0164,82686.7,82686.7,PAID,NONE,True,MATCHED
PAY00464,TXN00464,INV00464,2026-07-15,CUST0092,80531.63,INR,UPI,SUCCESS,SET00464,2026-07-17,80531.63,1207.97,217.43,SETTLED,CUST0092,81341.8,80531.63,PAID,INVOICE_MISMATCH,False,EXCEPTION
PAY00465,TXN00465,INV00465,2026-07-21,CUST0160,9095.36,INR,WALLET,SUCCESS,SET00465,2026-07-23,9095.36,136.43,24.56,SETTLED,CUST0160,9095.36,9095.36,PAID,NONE,True,MATCHED
PAY00466,TXN00466,INV00466,2026-08-20,CUST0289,30738.98,INR,CARD,SUCCESS,SET00466,2026-08-22,30738.98,461.08,82.99,SETTLED,CUST0289,30738.98,30738.98,PAID,NONE,True,MATCHED
PAY00467,TXN00467,INV00467,2026-08-16,CUST0101,90094.11,INR,CARD,SUCCESS,SET00467,2026-08-17,90094.11,1351.41,243.25,SETTLED,CUST0101,90094.11,90094.11,PAID,NONE,True,MATCHED
PAY00468,TXN00468,INV00468,2026-08-04,CUST0120,34969.16,INR,UPI,SUCCESS,SET00468,2026-08-06,34969.16,524.54,94.42,SETTLED,CUST0120,35475.74,34969.16,PAID,INVOICE_MISMATCH,False,EXCEPTION
PAY00469,TXN00469,INV00469,2026-07-07,CUST0158,20916.84,INR,CARD,SUCCESS,SET00469,2026-07-08,20916.84,313.75,56.48,SETTLED,CUST0158,20916.84,20916.84,PAID,NONE,True,MATCHED
PAY00470,TXN00470,INV00470,2026-07-06,CUST0144,4868.08,INR,CARD,SUCCESS,SET00470,2026-07-08,3436.47,73.02,13.14,SETTLED,CUST0144,4868.08,4868.08,PAID,AMOUNT_MISMATCH,False,EXCEPTION
PAY00471,TXN00471,INV00471,2026-07-30,CUST0191,97468.2,INR,UPI,SUCCESS,SET00471,2026-07-31,97468.2,1462.02,263.16,SETTLED,CUST0191,97468.2,97468.2,PAID,NONE,True,MATCHED
PAY00472,TXN00472,INV00472,2026-07-05,CUST0202,59393.63,INR,UPI,SUCCESS,SET00472,2026-07-06,59393.63,890.9,160.36,SETTLED,CUST0202,59393.63,59393.63,PAID,NONE,True,MATCHED
PAY00473,TXN00473,INV00473,2026-07-17,CUST0150,85165.91,INR,WALLET,SUCCESS,SET00473,2026-07-19,85165.91,1277.49,229.95,SETTLED,CUST0150,85165.91,85165.91,PAID,NONE,True,MATCHED
PAY00474,TXN00474,INV00474,2026-07-29,CUST0163,27559.61,INR,UPI,SUCCESS,SET00474,2026-08-01,27559.61,413.39,74.41,SETTLED,CUST0163,27559.61,27559.61,PAID,DUPLICATE_PAYMENT,False,EXCEPTION
PAY00474_DUP,TXN00474_DUP,INV00474,2026-07-29,CUST0163,27559.61,INR,UPI,SUCCESS,,,,,,,CUST0163,27559.61,27559.61,PAID,MISSING_SETTLEMENT;DUPLICATE_PAYMENT,False,EXCEPTION
PAY00475,TXN00475,INV00475,2026-07-10,CUST0056,11012.95,INR,WALLET,SUCCESS,SET00475,2026-07-11,11012.95,165.19,29.73,SETTLED,CUST0056,11012.95,11012.95,PAID,NONE,True,MATCHED
PAY00476,TXN00476,INV00476,2026-07-23,CUST0275,96481.15,INR,CARD,SUCCESS,SET00476,2026-07-25,96481.15,1447.22,260.5,SETTLED,CUST0275,96481.15,96481.15,PAID,NONE,True,MATCHED
PAY00477,TXN00477,INV00477,2026-07-06,CUST0062,16182.73,INR,NETBANKING,SUCCESS,SET00477,2026-07-09,16182.73,242.74,43.69,SETTLED,CUST0062,16182.73,16182.73,PAID,NONE,True,MATCHED
PAY00478,TXN00478,INV00478,2026-07-14,CUST0021,83674.51,INR,NETBANKING,SUCCESS,SET00478,2026-07-15,83674.51,1255.12,225.92,SETTLED,CUST0021,83674.51,83674.51,PAID,NONE,True,MATCHED
PAY00479,TXN00479,INV00479,2026-07-26,CUST0183,51589.24,INR,NETBANKING,SUCCESS,SET00479,2026-07-27,51589.24,773.84,139.29,SETTLED,CUST0183,51589.24,51589.24,PAID,NONE,True,MATCHED
PAY00480,TXN00480,INV00480,2026-07-29,CUST0208,55817.4,INR,CARD,SUCCESS,SET00480,2026-07-30,55817.4,837.26,150.71,SETTLED,CUST0208,55817.4,55817.4,PAID,NONE,True,MATCHED
PAY00481,TXN00481,INV00481,2026-07-01,CUST0063,6636.08,INR,CARD,SUCCESS,SET00481,2026-07-03,6636.08,99.54,17.92,SETTLED,CUST0063,6636.08,6636.08,PAID,NONE,True,MATCHED
PAY00482,TXN00482,INV00482,2026-08-07,CUST0044,58818.82,INR,UPI,SUCCESS,SET00482,2026-08-08,58818.82,882.28,158.81,SETTLED,CUST0044,58818.82,58818.82,PAID,NONE,True,MATCHED
PAY00483,TXN00483,INV00483,2026-07-09,CUST0228,9651.87,INR,NETBANKING,SUCCESS,SET00483,2026-07-10,9651.87,144.78,26.06,SETTLED,CUST0228,9651.87,9651.87,PAID,NONE,True,MATCHED
PAY00484,TXN00484,INV00484,2026-08-06,CUST0087,43599.06,INR,WALLET,SUCCESS,SET00484,2026-08-09,43599.06,653.99,117.72,SETTLED,CUST0087,43599.06,43599.06,PAID,NONE,True,MATCHED
PAY00485,TXN00485,INV00485,2026-07-12,CUST0219,35717.35,INR,CARD,SUCCESS,SET00485,2026-07-13,35717.35,535.76,96.44,SETTLED,CUST0219,35717.35,35717.35,PAID,NONE,True,MATCHED
PAY00486,TXN00486,INV00486,2026-08-09,CUST0018,62108.07,INR,CARD,SUCCESS,SET00486,2026-08-11,62108.07,931.62,167.69,SETTLED,CUST0018,62108.07,62108.07,PAID,NONE,True,MATCHED
PAY00487,TXN00487,INV00487,2026-07-31,CUST0282,6567.42,INR,NETBANKING,SUCCESS,SET00487,2026-08-01,6567.42,98.51,17.73,SETTLED,CUST0282,6567.42,6567.42,PAID,NONE,True,MATCHED
PAY00488,TXN00488,INV00488,2026-07-16,CUST0270,63260.06,INR,UPI,SUCCESS,SET00488,2026-07-30,63260.06,948.9,170.8,SETTLED,CUST0270,63260.06,63260.06,PAID,DELAYED_SETTLEMENT,False,EXCEPTION
PAY00489,TXN00489,INV00489,2026-08-20,CUST0279,48725.61,INR,NETBANKING,SUCCESS,SET00489,2026-08-21,48725.61,730.88,131.56,SETTLED,CUST0279,48725.61,48725.61,PAID,NONE,True,MATCHED
PAY00490,TXN00490,INV00490,2026-08-08,CUST0164,22292.51,INR,NETBANKING,SUCCESS,SET00490,2026-08-11,22292.51,334.39,60.19,SETTLED,CUST0164,22292.51,22292.51,PAID,NONE,True,MATCHED
PAY00491,TXN00491,INV00491,2026-08-19,CUST0184,58606.9,INR,CARD,SUCCESS,SET00491,2026-08-20,58606.9,879.1,158.24,SETTLED,CUST0184,59557.5,58606.9,PAID,INVOICE_MISMATCH,False,EXCEPTION
PAY00492,TXN00492,INV00492,2026-08-04,CUST0137,81720.37,INR,UPI,SUCCESS,SET00492,2026-08-07,81720.37,1225.81,220.65,SETTLED,CUST0137,81720.37,81720.37,PAID,NONE,True,MATCHED
PAY00493,TXN00493,INV00493,2026-07-23,CUST0199,93553.0,INR,CARD,SUCCESS,SET00493,2026-07-25,93553.0,1403.29,252.59,SETTLED,CUST0199,93553.0,93553.0,PAID,NONE,True,MATCHED
PAY00494,TXN00494,INV00494,2026-08-07,CUST0184,3306.55,INR,NETBANKING,SUCCESS,SET00494,2026-08-08,3306.55,49.6,8.93,SETTLED,CUST0184,3306.55,3306.55,PAID,DUPLICATE_PAYMENT,False,EXCEPTION
PAY00494_DUP,TXN00494_DUP,INV00494,2026-08-07,CUST0184,3306.55,INR,NETBANKING,SUCCESS,,,,,,,CUST0184,3306.55,3306.55,PAID,MISSING_SETTLEMENT;DUPLICATE_PAYMENT,False,EXCEPTION
PAY00495,TXN00495,INV00495,2026-07-13,CUST0289,83751.34,INR,WALLET,SUCCESS,SET00495,2026-07-15,83751.34,1256.27,226.13,SETTLED,CUST0289,83751.34,83751.34,PAID,NONE,True,MATCHED
PAY00496,TXN00496,INV00496,2026-07-06,CUST0020,6088.71,INR,CARD,SUCCESS,SET00496,2026-07-07,6088.71,91.33,16.44,SETTLED,CUST0020,6088.71,6088.71,PAID,NONE,True,MATCHED
PAY00497,TXN00497,INV00497,2026-08-09,CUST0170,20545.71,INR,CARD,SUCCESS,SET00497,2026-08-11,20545.71,308.19,55.47,SETTLED,CUST0170,20545.71,20545.71,PAID,NONE,True,MATCHED
PAY00498,TXN00498,INV00498,2026-07-02,CUST0031,15197.35,INR,CARD,SUCCESS,SET00498,2026-07-04,15197.35,227.96,41.03,SETTLED,CUST0031,15197.35,15197.35,PAID,NONE,True,MATCHED
PAY00499,TXN00499,INV00499,2026-07-24,CUST0038,70601.53,INR,WALLET,SUCCESS,SET00499,2026-07-26,70601.53,1059.02,190.62,SETTLED,CUST0038,70601.53,70601.53,PAID,NONE,True,MATCHED
PAY00500,TXN00500,INV00500,2026-07-09,CUST0166,97598.14,INR,WALLET,SUCCESS,SET00500,2026-07-12,97598.14,1463.97,263.51,SETTLED,CUST0166,97598.14,97598.14,PAID,NONE,True,MATCHED
PAY00501,TXN00501,INV00501,2026-07-12,CUST0163,70864.7,INR,NETBANKING,SUCCESS,SET00501,2026-07-13,70864.7,1062.97,191.33,SETTLED,CUST0163,70864.7,70864.7,PAID,NONE,True,MATCHED
PAY00502,TXN00502,INV00502,2026-07-20,CUST0194,73532.5,INR,NETBANKING,SUCCESS,SET00502,2026-07-21,73532.5,1102.99,198.54,SETTLED,CUST0194,73532.5,73532.5,PAID,NONE,True,MATCHED
PAY00503,TXN00503,INV00503,2026-07-26,CUST0294,85150.32,INR,UPI,SUCCESS,SET00503,2026-07-29,85150.32,1277.25,229.91,SETTLED,CUST0294,85150.32,85150.32,PAID,NONE,True,MATCHED
PAY00504,TXN00504,INV00504,2026-08-10,CUST0114,56772.25,INR,WALLET,SUCCESS,SET00504,2026-08-11,56772.25,851.58,153.28,SETTLED,CUST0114,56772.25,56772.25,PAID,NONE,True,MATCHED
PAY00505,TXN00505,INV00505,2026-07-23,CUST0122,98246.78,INR,CARD,SUCCESS,SET00505,2026-07-26,98246.78,1473.7,265.27,SETTLED,CUST0122,98246.78,98246.78,PAID,NONE,True,MATCHED
PAY00506,TXN00506,INV00506,2026-07-29,CUST0172,1633.86,INR,CARD,SUCCESS,SET00506,2026-07-31,1633.86,24.51,4.41,SETTLED,CUST0172,1633.86,1633.86,PAID,NONE,True,MATCHED
PAY00507,TXN00507,INV00507,2026-08-20,CUST0132,11249.44,INR,UPI,SUCCESS,SET00507,2026-08-23,11249.44,168.74,30.37,SETTLED,CUST0132,11249.44,11249.44,PAID,NONE,True,MATCHED
PAY00508,TXN00508,INV00508,2026-07-11,CUST0215,88512.92,INR,WALLET,SUCCESS,SET00508,2026-07-14,87699.76,1327.69,238.98,SETTLED,CUST0215,88512.92,88512.92,PAID,AMOUNT_MISMATCH,False,EXCEPTION
PAY00509,TXN00509,INV00509,2026-08-20,CUST0246,86473.05,INR,CARD,SUCCESS,SET00509,2026-08-21,86473.05,1297.1,233.48,SETTLED,CUST0246,86473.05,86473.05,PAID,NONE,True,MATCHED
PAY00510,TXN00510,INV00510,2026-07-02,CUST0151,32212.33,INR,UPI,SUCCESS,SET00510,2026-07-04,32212.33,483.18,86.97,SETTLED,CUST0151,32212.33,32212.33,PAID,NONE,True,MATCHED
PAY00511,TXN00511,INV00511,2026-08-16,CUST0083,7962.74,INR,UPI,SUCCESS,SET00511,2026-08-18,7962.74,119.44,21.5,SETTLED,CUST0083,7962.74,7962.74,PAID,NONE,True,MATCHED
PAY00512,TXN00512,INV00512,2026-07-28,CUST0016,94273.0,INR,CARD,SUCCESS,SET00512,2026-07-29,94273.0,1414.1,254.54,SETTLED,CUST0016,94273.0,94273.0,PAID,NONE,True,MATCHED
PAY00513,TXN00513,INV00513,2026-07-07,CUST0028,33443.91,INR,CARD,SUCCESS,SET00513,2026-07-10,33443.91,501.66,90.3,SETTLED,CUST0028,33443.91,33443.91,PAID,NONE,True,MATCHED
PAY00514,TXN00514,INV00514,2026-07-17,CUST0277,66229.49,INR,NETBANKING,SUCCESS,SET00514,2026-07-19,66229.49,993.44,178.82,SETTLED,CUST0277,66229.49,66229.49,PAID,NONE,True,MATCHED
PAY00515,TXN00515,INV00515,2026-08-05,CUST0293,84065.52,INR,CARD,SUCCESS,SET00515,2026-08-07,84065.52,1260.98,226.98,SETTLED,CUST0293,84065.52,84065.52,PAID,NONE,True,MATCHED
PAY00516,TXN00516,INV00516,2026-07-19,CUST0045,82477.78,INR,WALLET,SUCCESS,SET00516,2026-07-20,82477.78,1237.17,222.69,SETTLED,CUST0045,82477.78,82477.78,PAID,NONE,True,MATCHED
PAY00517,TXN00517,INV00517,2026-08-10,CUST0088,29535.24,INR,UPI,SUCCESS,SET00517,2026-08-12,29535.24,443.03,79.75,SETTLED,CUST0088,29535.24,29535.24,PAID,NONE,True,MATCHED
PAY00518,TXN00518,INV00518,2026-07-31,CUST0204,49165.13,INR,NETBANKING,SUCCESS,SET00518,2026-08-02,49165.13,737.48,132.75,SETTLED,CUST0204,49165.13,49165.13,PAID,NONE,True,MATCHED
PAY00519,TXN00519,INV00519,2026-07-24,CUST0095,88606.52,INR,NETBANKING,SUCCESS,SET00519,2026-07-26,88606.52,1329.1,239.24,SETTLED,CUST0095,88606.52,88606.52,PAID,NONE,True,MATCHED
PAY00520,TXN00520,INV00520,2026-07-30,CUST0226,26708.38,INR,NETBANKING,SUCCESS,SET00520,2026-08-02,26708.38,400.63,72.11,SETTLED,CUST0226,26708.38,26708.38,PAID,NONE,True,MATCHED
PAY00521,TXN00521,INV00521,2026-07-06,CUST0050,66980.05,INR,WALLET,SUCCESS,SET00521,2026-07-07,66980.05,1004.7,180.85,SETTLED,CUST0050,70133.82,66980.05,PAID,INVOICE_MISMATCH,False,EXCEPTION
PAY00522,TXN00522,INV00522,2026-08-03,CUST0199,42153.89,INR,WALLET,SUCCESS,SET00522,2026-08-05,42153.89,632.31,113.82,SETTLED,CUST0199,42153.89,42153.89,PAID,NONE,True,MATCHED
PAY00523,TXN00523,INV00523,2026-07-06,CUST0154,39783.03,INR,UPI,SUCCESS,SET00523,2026-07-09,39783.03,596.75,107.41,SETTLED,CUST0154,39783.03,39783.03,PAID,NONE,True,MATCHED
PAY00524,TXN00524,INV00524,2026-07-08,CUST0076,94950.85,INR,WALLET,SUCCESS,SET00524,2026-07-09,94950.85,1424.26,256.37,SETTLED,CUST0076,94950.85,94950.85,PAID,NONE,True,MATCHED
PAY00525,TXN00525,INV00525,2026-07-09,CUST0099,4746.25,INR,UPI,SUCCESS,SET00525,2026-07-18,4746.25,71.19,12.81,SETTLED,CUST0099,4746.25,4746.25,PAID,DELAYED_SETTLEMENT,False,EXCEPTION
PAY00526,TXN00526,INV00526,2026-07-21,CUST0133,91125.05,INR,UPI,SUCCESS,SET00526,2026-07-23,91125.05,1366.88,246.04,SETTLED,CUST0133,91125.05,91125.05,PAID,NONE,True,MATCHED
PAY00527,TXN00527,INV00527,2026-07-21,CUST0283,85734.11,INR,WALLET,SUCCESS,,,,,,,CUST0283,85734.11,85734.11,PAID,MISSING_SETTLEMENT,False,EXCEPTION
PAY00528,TXN00528,INV00528,2026-08-20,CUST0268,42249.59,INR,WALLET,SUCCESS,SET00528,2026-08-23,42249.59,633.74,114.07,SETTLED,CUST0268,42249.59,42249.59,PAID,NONE,True,MATCHED
PAY00529,TXN00529,INV00529,2026-08-18,CUST0299,96500.75,INR,UPI,SUCCESS,,,,,,,CUST0299,96500.75,96500.75,PAID,MISSING_SETTLEMENT,False,EXCEPTION
PAY00530,TXN00530,INV00530,2026-08-04,CUST0147,88073.51,INR,WALLET,SUCCESS,SET00530,2026-08-06,88073.51,1321.1,237.8,SETTLED,CUST0147,88073.51,88073.51,PAID,NONE,True,MATCHED
PAY00531,TXN00531,INV00531,2026-08-08,CUST0293,47568.14,INR,CARD,SUCCESS,SET00531,2026-08-11,47568.14,713.52,128.43,SETTLED,CUST0293,47568.14,47568.14,PAID,NONE,True,MATCHED
PAY00532,TXN00532,INV00532,2026-07-03,CUST0206,39881.38,INR,NETBANKING,SUCCESS,SET00532,2026-07-06,39881.38,598.22,107.68,SETTLED,CUST0206,39881.38,39881.38,PAID,NONE,True,MATCHED
PAY00533,TXN00533,INV00533,2026-07-18,CUST0244,89754.62,INR,UPI,SUCCESS,SET00533,2026-07-20,89754.62,1346.32,242.34,SETTLED,CUST0244,89754.62,89754.62,PAID,NONE,True,MATCHED
PAY00534,TXN00534,INV00534,2026-08-01,CUST0144,85894.36,INR,UPI,SUCCESS,SET00534,2026-08-04,85894.36,1288.42,231.92,SETTLED,CUST0144,87420.17,85894.36,PAID,INVOICE_MISMATCH,False,EXCEPTION
PAY00535,TXN00535,INV00535,2026-08-19,CUST0227,82669.42,INR,NETBANKING,SUCCESS,SET00535,2026-08-22,82669.42,1240.04,223.21,SETTLED,CUST0227,82669.42,82669.42,PAID,NONE,True,MATCHED
PAY00536,TXN00536,INV00536,2026-07-13,CUST0046,44450.8,INR,WALLET,SUCCESS,SET00536,2026-07-15,44450.8,666.76,120.02,SETTLED,CUST0046,44450.8,44450.8,PAID,NONE,True,MATCHED
PAY00537,TXN00537,INV00537,2026-08-02,CUST0029,79253.29,INR,UPI,SUCCESS,SET00537,2026-08-04,79253.29,1188.8,213.98,SETTLED,CUST0029,79253.29,79253.29,PAID,NONE,True,MATCHED
PAY00538,TXN00538,INV00538,2026-08-19,CUST0070,85203.89,INR,UPI,SUCCESS,SET00538,2026-08-20,85203.89,1278.06,230.05,SETTLED,CUST0070,85203.89,85203.89,PAID,NONE,True,MATCHED
PAY00539,TXN00539,INV00539,2026-07-03,CUST0128,45916.64,INR,NETBANKING,SUCCESS,SET00539,2026-07-05,45916.64,688.75,123.97,SETTLED,CUST0128,45916.64,45916.64,PAID,NONE,True,MATCHED
PAY00540,TXN00540,INV00540,2026-08-02,CUST0238,39995.76,INR,UPI,SUCCESS,SET00540,2026-08-04,39995.76,599.94,107.99,SETTLED,CUST0238,39995.76,39995.76,PAID,NONE,True,MATCHED
PAY00541,TXN00541,INV00541,2026-08-08,CUST0251,44887.29,INR,WALLET,SUCCESS,SET00541,2026-08-10,44887.29,673.31,121.2,SETTLED,CUST0251,44887.29,44887.29,PAID,NONE,True,MATCHED
PAY00542,TXN00542,INV00542,2026-07-17,CUST0084,75021.63,INR,UPI,SUCCESS,SET00542,2026-07-18,75021.63,1125.32,202.56,SETTLED,CUST0084,75021.63,75021.63,PAID,NONE,True,MATCHED
PAY00543,TXN00543,INV00543,2026-08-06,CUST0084,78093.1,INR,CARD,SUCCESS,SET00543,2026-08-07,76705.48,1171.4,210.85,SETTLED,CUST0084,78093.1,78093.1,PAID,AMOUNT_MISMATCH,False,EXCEPTION
PAY00544,TXN00544,INV00544,2026-08-11,CUST0138,41245.97,INR,UPI,SUCCESS,SET00544,2026-08-12,40245.19,618.69,111.36,SETTLED,CUST0138,41245.97,41245.97,PAID,AMOUNT_MISMATCH,False,EXCEPTION
PAY00545,TXN00545,INV00545,2026-08-11,CUST0068,17733.47,INR,UPI,SUCCESS,SET00545,2026-08-13,17733.47,266.0,47.88,SETTLED,CUST0068,17733.47,17733.47,PAID,NONE,True,MATCHED
PAY00546,TXN00546,INV00546,2026-07-28,CUST0141,89600.56,INR,NETBANKING,SUCCESS,SET00546,2026-07-30,89600.56,1344.01,241.92,SETTLED,CUST0141,89600.56,89600.56,PAID,NONE,True,MATCHED
PAY00547,TXN00547,INV00547,2026-08-13,CUST0155,52303.47,INR,WALLET,SUCCESS,SET00547,2026-08-16,52303.47,784.55,141.22,SETTLED,CUST0155,52303.47,52303.47,PAID,NONE,True,MATCHED
PAY00548,TXN00548,INV00548,2026-08-05,CUST0192,64910.54,INR,NETBANKING,SUCCESS,SET00548,2026-08-07,64910.54,973.66,175.26,SETTLED,CUST0192,64910.54,64910.54,PAID,NONE,True,MATCHED
PAY00549,TXN00549,INV00549,2026-07-22,CUST0033,98841.92,INR,NETBANKING,SUCCESS,SET00549,2026-07-25,97390.84,1482.63,266.87,SETTLED,CUST0033,98841.92,98841.92,PAID,AMOUNT_MISMATCH,False,EXCEPTION
PAY00550,TXN00550,INV00550,2026-07-13,CUST0153,15417.96,INR,CARD,SUCCESS,SET00550,2026-07-15,14062.95,231.27,41.63,SETTLED,CUST0153,15417.96,15417.96,PAID,AMOUNT_MISMATCH,False,EXCEPTION
PAY00551,TXN00551,INV00551,2026-08-16,CUST0072,3032.8,INR,WALLET,SUCCESS,SET00551,2026-08-29,3032.8,45.49,8.19,SETTLED,CUST0072,3032.8,3032.8,PAID,DELAYED_SETTLEMENT,False,EXCEPTION
PAY00552,TXN00552,INV00552,2026-08-17,CUST0199,4014.24,INR,CARD,SUCCESS,SET00552,2026-08-18,4014.24,60.21,10.84,SETTLED,CUST0199,4014.24,4014.24,PAID,NONE,True,MATCHED
PAY00553,TXN00553,INV00553,2026-08-10,CUST0274,78597.26,INR,NETBANKING,SUCCESS,SET00553,2026-08-13,78597.26,1178.96,212.21,SETTLED,CUST0274,78597.26,78597.26,PAID,NONE,True,MATCHED
PAY00554,TXN00554,INV00554,2026-07-12,CUST0286,29731.51,INR,WALLET,SUCCESS,SET00554,2026-07-15,29731.51,445.97,80.27,SETTLED,CUST0286,29731.51,29731.51,PAID,NONE,True,MATCHED
PAY00555,TXN00555,INV00555,2026-08-18,CUST0287,91306.16,INR,NETBANKING,SUCCESS,SET00555,2026-08-20,91306.16,1369.59,246.53,SETTLED,CUST0287,91306.16,91306.16,PAID,NONE,True,MATCHED
PAY00556,TXN00556,INV00556,2026-08-17,CUST0115,87207.51,INR,WALLET,SUCCESS,SET00556,2026-08-19,87207.51,1308.11,235.46,SETTLED,CUST0115,87207.51,87207.51,PAID,NONE,True,MATCHED
PAY00557,TXN00557,INV00557,2026-08-07,CUST0134,29758.09,INR,UPI,SUCCESS,SET00557,2026-08-10,29758.09,446.37,80.35,SETTLED,CUST0134,29758.09,29758.09,PAID,NONE,True,MATCHED
PAY00558,TXN00558,INV00558,2026-08-09,CUST0298,7585.97,INR,CARD,SUCCESS,SET00558,2026-08-11,7585.97,113.79,20.48,SETTLED,CUST0298,7585.97,7585.97,PAID,NONE,True,MATCHED
PAY00559,TXN00559,INV00559,2026-07-20,CUST0272,41604.17,INR,CARD,SUCCESS,SET00559,2026-07-22,41604.17,624.06,112.33,SETTLED,CUST0272,41604.17,41604.17,PAID,NONE,True,MATCHED
PAY00560,TXN00560,INV00560,2026-08-06,CUST0210,89338.09,INR,WALLET,SUCCESS,SET00560,2026-08-07,89338.09,1340.07,241.21,SETTLED,CUST0210,89338.09,89338.09,PAID,NONE,True,MATCHED
PAY00561,TXN00561,INV00561,2026-08-01,CUST0042,33596.63,INR,CARD,SUCCESS,SET00561,2026-08-02,33596.63,503.95,90.71,SETTLED,CUST0042,33596.63,33596.63,PAID,NONE,True,MATCHED
PAY00562,TXN00562,INV00562,2026-07-18,CUST0232,21333.55,INR,CARD,SUCCESS,SET00562,2026-07-20,21333.55,320.0,57.6,SETTLED,CUST0232,21333.55,21333.55,PAID,NONE,True,MATCHED
PAY00563,TXN00563,INV00563,2026-07-09,CUST0046,61640.73,INR,WALLET,SUCCESS,SET00563,2026-07-11,61640.73,924.61,166.43,SETTLED,CUST0046,61640.73,61640.73,PAID,NONE,True,MATCHED
PAY00564,TXN00564,INV00564,2026-07-03,CUST0003,53611.37,INR,NETBANKING,SUCCESS,SET00564,2026-07-04,53611.37,804.17,144.75,SETTLED,CUST0003,58125.4,53611.37,PAID,INVOICE_MISMATCH,False,EXCEPTION
PAY00565,TXN00565,INV00565,2026-08-13,CUST0010,910.32,INR,CARD,SUCCESS,SET00565,2026-08-15,910.32,13.65,2.46,SETTLED,CUST0010,910.32,910.32,PAID,NONE,True,MATCHED
PAY00566,TXN00566,INV00566,2026-07-07,CUST0067,38663.27,INR,NETBANKING,SUCCESS,SET00566,2026-07-09,38663.27,579.95,104.39,SETTLED,CUST0067,38663.27,38663.27,PAID,NONE,True,MATCHED
PAY00567,TXN00567,INV00567,2026-07-30,CUST0149,72919.28,INR,NETBANKING,SUCCESS,SET00567,2026-07-31,72919.28,1093.79,196.88,SETTLED,CUST0149,72919.28,72919.28,PAID,NONE,True,MATCHED
PAY00568,TXN00568,INV00568,2026-08-01,CUST0176,36245.46,INR,CARD,SUCCESS,SET00568,2026-08-02,36245.46,543.68,97.86,SETTLED,CUST0176,36245.46,36245.46,PAID,NONE,True,MATCHED
PAY00569,TXN00569,INV00569,2026-07-15,CUST0117,72853.3,INR,CARD,SUCCESS,SET00569,2026-07-18,72853.3,1092.8,196.7,SETTLED,CUST0117,72853.3,72853.3,PAID,NONE,True,MATCHED
PAY00570,TXN00570,INV00570,2026-07-11,CUST0259,12754.62,INR,UPI,SUCCESS,SET00570,2026-07-13,12754.62,191.32,34.44,SETTLED,CUST0259,12754.62,12754.62,PAID,NONE,True,MATCHED
PAY00571,TXN00571,INV00571,2026-08-09,CUST0274,5334.4,INR,UPI,SUCCESS,SET00571,2026-08-10,5334.4,80.02,14.4,SETTLED,CUST0274,5334.4,5334.4,PAID,NONE,True,MATCHED
PAY00572,TXN00572,INV00572,2026-08-14,CUST0025,12021.09,INR,WALLET,SUCCESS,SET00572,2026-08-16,12021.09,180.32,32.46,SETTLED,CUST0025,12021.09,12021.09,PAID,NONE,True,MATCHED
PAY00573,TXN00573,INV00573,2026-08-14,CUST0243,15736.15,INR,UPI,SUCCESS,SET00573,2026-08-15,15736.15,236.04,42.49,SETTLED,CUST0243,15736.15,15736.15,PAID,NONE,True,MATCHED
PAY00574,TXN00574,INV00574,2026-07-18,CUST0267,62468.38,INR,CARD,SUCCESS,SET00574,2026-07-21,62468.38,937.03,168.67,SETTLED,CUST0267,62468.38,62468.38,PAID,NONE,True,MATCHED
PAY00575,TXN00575,INV00575,2026-07-19,CUST0061,11844.25,INR,UPI,SUCCESS,SET00575,2026-07-20,11844.25,177.66,31.98,SETTLED,CUST0061,11844.25,11844.25,PAID,NONE,True,MATCHED
PAY00576,TXN00576,INV00576,2026-08-03,CUST0135,97325.41,INR,NETBANKING,SUCCESS,SET00576,2026-08-04,97325.41,1459.88,262.78,SETTLED,CUST0135,97325.41,97325.41,PAID,NONE,True,MATCHED
PAY00577,TXN00577,INV00577,2026-08-05,CUST0021,49887.29,INR,CARD,SUCCESS,SET00577,2026-08-07,49887.29,748.31,134.7,SETTLED,CUST0021,49887.29,49887.29,PAID,NONE,True,MATCHED
PAY00578,TXN00578,INV00578,2026-07-01,CUST0121,1768.57,INR,UPI,SUCCESS,,,,,,,CUST0121,1768.57,1768.57,PAID,MISSING_SETTLEMENT,False,EXCEPTION
PAY00579,TXN00579,INV00579,2026-07-10,CUST0253,94969.88,INR,UPI,SUCCESS,SET00579,2026-07-12,94969.88,1424.55,256.42,SETTLED,CUST0253,94969.88,94969.88,PAID,NONE,True,MATCHED
PAY00580,TXN00580,INV00580,2026-07-30,CUST0119,98872.26,INR,NETBANKING,SUCCESS,SET00580,2026-07-31,98872.26,1483.08,266.95,SETTLED,CUST0119,98872.26,98872.26,PAID,NONE,True,MATCHED
PAY00581,TXN00581,INV00581,2026-07-03,CUST0090,85298.74,INR,NETBANKING,SUCCESS,SET00581,2026-07-05,85298.74,1279.48,230.31,SETTLED,CUST0090,85298.74,85298.74,PAID,NONE,True,MATCHED
PAY00582,TXN00582,INV00582,2026-07-07,CUST0060,85198.97,INR,UPI,SUCCESS,SET00582,2026-07-10,85198.97,1277.98,230.04,SETTLED,CUST0060,85198.97,85198.97,PAID,NONE,True,MATCHED
PAY00583,TXN00583,INV00583,2026-07-22,CUST0088,36073.98,INR,WALLET,SUCCESS,SET00583,2026-07-23,36073.98,541.11,97.4,SETTLED,CUST0088,37781.37,36073.98,PAID,INVOICE_MISMATCH,False,EXCEPTION
PAY00584,TXN00584,INV00584,2026-07-22,CUST0191,18695.51,INR,WALLET,SUCCESS,SET00584,2026-07-24,18695.51,280.43,50.48,SETTLED,CUST0191,18695.51,18695.51,PAID,NONE,True,MATCHED
PAY00585,TXN00585,INV00585,2026-08-14,CUST0198,85141.82,INR,WALLET,SUCCESS,SET00585,2026-08-15,85141.82,1277.13,229.88,SETTLED,CUST0198,85141.82,85141.82,PAID,NONE,True,MATCHED
PAY00586,TXN00586,INV00586,2026-08-14,CUST0068,72777.91,INR,CARD,SUCCESS,SET00586,2026-08-16,72777.91,1091.67,196.5,SETTLED,CUST0068,72777.91,72777.91,PAID,NONE,True,MATCHED
PAY00587,TXN00587,INV00587,2026-08-13,CUST0292,44097.2,INR,WALLET,SUCCESS,SET00587,2026-08-14,44097.2,661.46,119.06,SETTLED,CUST0292,44097.2,44097.2,PAID,NONE,True,MATCHED
PAY00588,TXN00588,INV00588,2026-07-31,CUST0067,92079.6,INR,UPI,SUCCESS,SET00588,2026-08-01,91859.26,1381.19,248.61,SETTLED,CUST0067,92079.6,92079.6,PAID,AMOUNT_MISMATCH,False,EXCEPTION
PAY00589,TXN00589,INV00589,2026-07-01,CUST0161,70604.53,INR,CARD,SUCCESS,SET00589,2026-07-04,70604.53,1059.07,190.63,SETTLED,CUST0161,74118.83,70604.53,PAID,INVOICE_MISMATCH,False,EXCEPTION
PAY00590,TXN00590,INV00590,2026-08-14,CUST0268,70207.73,INR,UPI,SUCCESS,SET00590,2026-08-15,70207.73,1053.12,189.56,SETTLED,CUST0268,70207.73,70207.73,PAID,NONE,True,MATCHED
PAY00591,TXN00591,INV00591,2026-07-23,CUST0247,66539.21,INR,WALLET,SUCCESS,SET00591,2026-07-26,66539.21,998.09,179.66,SETTLED,CUST0247,66539.21,66539.21,PAID,NONE,True,MATCHED
PAY00592,TXN00592,INV00592,2026-07-01,CUST0028,64518.17,INR,CARD,SUCCESS,SET00592,2026-07-03,64518.17,967.77,174.2,SETTLED,CUST0028,64518.17,64518.17,PAID,NONE,True,MATCHED
PAY00593,TXN00593,INV00593,2026-07-05,CUST0085,75267.29,INR,NETBANKING,SUCCESS,SET00593,2026-07-06,75267.29,1129.01,203.22,SETTLED,CUST0085,75267.29,75267.29,PAID,NONE,True,MATCHED
PAY00594,TXN00594,INV00594,2026-07-15,CUST0260,55274.31,INR,WALLET,SUCCESS,SET00594,2026-07-16,55274.31,829.11,149.24,SETTLED,CUST0260,55274.31,55274.31,PAID,NONE,True,MATCHED
PAY00595,TXN00595,INV00595,2026-07-29,CUST0236,80225.5,INR,WALLET,SUCCESS,SET00595,2026-07-31,80225.5,1203.38,216.61,SETTLED,CUST0236,80225.5,80225.5,PAID,NONE,True,MATCHED
PAY00596,TXN00596,INV00596,2026-07-08,CUST0162,98076.74,INR,UPI,SUCCESS,SET00596,2026-07-09,98076.74,1471.15,264.81,SETTLED,CUST0162,98076.74,98076.74,PAID,NONE,True,MATCHED
PAY00597,TXN00597,INV00597,2026-08-05,CUST0286,516.89,INR,UPI,SUCCESS,SET00597,2026-08-08,516.89,7.75,1.4,SETTLED,CUST0286,516.89,516.89,PAID,NONE,True,MATCHED
PAY00598,TXN00598,INV00598,2026-08-02,CUST0156,56452.09,INR,WALLET,SUCCESS,SET00598,2026-08-03,56452.09,846.78,152.42,SETTLED,CUST0156,58587.13,56452.09,PAID,INVOICE_MISMATCH,False,EXCEPTION
PAY00599,TXN00599,INV00599,2026-07-22,CUST0233,56235.01,INR,WALLET,SUCCESS,SET00599,2026-07-25,56235.01,843.53,151.84,SETTLED,CUST0233,56235.01,56235.01,PAID,NONE,True,MATCHED
PAY00600,TXN00600,INV00600,2026-07-08,CUST0232,10194.98,INR,CARD,SUCCESS,SET00600,2026-07-11,10194.98,152.92,27.53,SETTLED,CUST0232,10194.98,10194.98,PAID,NONE,True,MATCHED
PAY00601,TXN00601,INV00601,2026-08-05,CUST0150,52437.52,INR,UPI,SUCCESS,SET00601,2026-08-07,52437.52,786.56,141.58,SETTLED,CUST0150,52437.52,52437.52,PAID,NONE,True,MATCHED
PAY00602,TXN00602,INV00602,2026-08-15,CUST0072,74379.83,INR,WALLET,SUCCESS,SET00602,2026-08-16,74379.83,1115.7,200.83,SETTLED,CUST0072,74379.83,74379.83,PAID,NONE,True,MATCHED
PAY00603,TXN00603,INV00603,2026-07-08,CUST0097,93056.52,INR,WALLET,SUCCESS,SET00603,2026-07-11,93056.52,1395.85,251.25,SETTLED,CUST0097,93056.52,93056.52,PAID,NONE,True,MATCHED
PAY00604,TXN00604,INV00604,2026-07-07,CUST0174,75836.36,INR,UPI,SUCCESS,,,,,,,CUST0174,75836.36,75836.36,PAID,MISSING_SETTLEMENT,False,EXCEPTION
PAY00605,TXN00605,INV00605,2026-08-19,CUST0064,89229.56,INR,WALLET,SUCCESS,SET00605,2026-08-20,89229.56,1338.44,240.92,SETTLED,CUST0064,89229.56,89229.56,PAID,NONE,True,MATCHED
PAY00606,TXN00606,INV00606,2026-07-01,CUST0256,53271.25,INR,UPI,SUCCESS,SET00606,2026-07-04,53271.25,799.07,143.83,SETTLED,CUST0256,53271.25,53271.25,PAID,NONE,True,MATCHED
PAY00607,TXN00607,INV00607,2026-08-02,CUST0248,78217.61,INR,CARD,SUCCESS,SET00607,2026-08-05,78217.61,1173.26,211.19,SETTLED,CUST0248,78217.61,78217.61,PAID,NONE,True,MATCHED
PAY00608,TXN00608,INV00608,2026-07-07,CUST0066,39046.86,INR,NETBANKING,SUCCESS,SET00608,2026-07-09,39046.86,585.7,105.43,SETTLED,CUST0066,39046.86,39046.86,PAID,NONE,True,MATCHED
PAY00609,TXN00609,INV00609,2026-07-18,CUST0128,40088.06,INR,NETBANKING,SUCCESS,SET00609,2026-07-19,40088.06,601.32,108.24,SETTLED,CUST0128,42625.87,40088.06,PAID,INVOICE_MISMATCH,False,EXCEPTION
PAY00610,TXN00610,INV00610,2026-08-08,CUST0212,70151.42,INR,NETBANKING,SUCCESS,SET00610,2026-08-10,70151.42,1052.27,189.41,SETTLED,CUST0212,70151.42,70151.42,PAID,NONE,True,MATCHED
PAY00611,TXN00611,INV00611,2026-08-10,CUST0284,22125.58,INR,CARD,SUCCESS,SET00611,2026-08-13,22125.58,331.88,59.74,SETTLED,CUST0284,22125.58,22125.58,PAID,NONE,True,MATCHED
PAY00612,TXN00612,INV00612,2026-08-13,CUST0177,13700.84,INR,CARD,SUCCESS,SET00612,2026-08-16,13700.84,205.51,36.99,SETTLED,CUST0177,13700.84,13700.84,PAID,NONE,True,MATCHED
PAY00613,TXN00613,INV00613,2026-08-15,CUST0166,11982.82,INR,NETBANKING,SUCCESS,SET00613,2026-08-18,11982.82,179.74,32.35,SETTLED,CUST0166,11982.82,11982.82,PAID,NONE,True,MATCHED
PAY00614,TXN00614,INV00614,2026-08-13,CUST0214,74912.94,INR,NETBANKING,SUCCESS,SET00614,2026-08-14,73819.75,1123.69,202.26,SETTLED,CUST0214,74912.94,74912.94,PAID,AMOUNT_MISMATCH,False,EXCEPTION
PAY00615,TXN00615,INV00615,2026-07-25,CUST0013,14960.01,INR,UPI,SUCCESS,SET00615,2026-07-27,14960.01,224.4,40.39,SETTLED,CUST0013,14960.01,14960.01,PAID,NONE,True,MATCHED
PAY00616,TXN00616,INV00616,2026-07-10,CUST0129,84018.49,INR,NETBANKING,SUCCESS,SET00616,2026-07-11,84018.49,1260.28,226.85,SETTLED,CUST0129,84018.49,84018.49,PAID,NONE,True,MATCHED
PAY00617,TXN00617,INV00617,2026-07-29,CUST0184,10696.76,INR,CARD,SUCCESS,SET00617,2026-07-31,10696.76,160.45,28.88,SETTLED,CUST0184,10696.76,10696.76,PAID,NONE,True,MATCHED
PAY00618,TXN00618,INV00618,2026-08-02,CUST0122,78538.56,INR,NETBANKING,SUCCESS,SET00618,2026-08-04,78538.56,1178.08,212.05,SETTLED,CUST0122,78538.56,78538.56,PAID,NONE,True,MATCHED
PAY00619,TXN00619,INV00619,2026-07-27,CUST0199,95691.85,INR,NETBANKING,SUCCESS,SET00619,2026-07-29,95691.85,1435.38,258.37,SETTLED,CUST0199,96433.96,95691.85,PAID,INVOICE_MISMATCH,False,EXCEPTION
PAY00620,TXN00620,INV00620,2026-08-09,CUST0104,86950.57,INR,WALLET,SUCCESS,SET00620,2026-08-12,86950.57,1304.26,234.77,SETTLED,CUST0104,86950.57,86950.57,PAID,NONE,True,MATCHED
PAY00621,TXN00621,INV00621,2026-08-18,CUST0189,59044.34,INR,CARD,SUCCESS,SET00621,2026-08-20,59044.34,885.67,159.42,SETTLED,CUST0189,59044.34,59044.34,PAID,NONE,True,MATCHED
PAY00622,TXN00622,INV00622,2026-07-12,CUST0230,98353.61,INR,UPI,SUCCESS,SET00622,2026-07-15,98353.61,1475.3,265.55,SETTLED,CUST0230,98353.61,98353.61,PAID,NONE,True,MATCHED
PAY00623,TXN00623,INV00623,2026-07-08,CUST0264,38031.22,INR,WALLET,SUCCESS,SET00623,2026-07-09,38031.22,570.47,102.68,SETTLED,CUST0264,38031.22,38031.22,PAID,NONE,True,MATCHED
PAY00624,TXN00624,INV00624,2026-08-07,CUST0083,84678.41,INR,UPI,SUCCESS,SET00624,2026-08-08,84678.41,1270.18,228.63,SETTLED,CUST0083,84678.41,84678.41,PAID,NONE,True,MATCHED
PAY00625,TXN00625,INV00625,2026-07-10,CUST0021,92898.51,INR,UPI,SUCCESS,SET00625,2026-07-13,92898.51,1393.48,250.83,SETTLED,CUST0021,92898.51,92898.51,PAID,NONE,True,MATCHED
PAY00626,TXN00626,INV00626,2026-08-01,CUST0155,79095.86,INR,NETBANKING,SUCCESS,SET00626,2026-08-03,79095.86,1186.44,213.56,SETTLED,CUST0155,79095.86,79095.86,PAID,NONE,True,MATCHED
PAY00627,TXN00627,INV00627,2026-07-15,CUST0270,95720.28,INR,UPI,SUCCESS,SET00627,2026-07-17,95720.28,1435.8,258.44,SETTLED,CUST0270,95720.28,95720.28,PAID,NONE,True,MATCHED
PAY00628,TXN00628,INV00628,2026-08-04,CUST0279,40640.0,INR,NETBANKING,SUCCESS,SET00628,2026-08-07,40640.0,609.6,109.73,SETTLED,CUST0279,40640.0,40640.0,PAID,NONE,True,MATCHED
PAY00629,TXN00629,INV00629,2026-07-22,CUST0170,36399.38,INR,CARD,SUCCESS,SET00629,2026-07-25,36399.38,545.99,98.28,SETTLED,CUST0170,39681.64,36399.38,PAID,INVOICE_MISMATCH,False,EXCEPTION
PAY00630,TXN00630,INV00630,2026-07-08,CUST0005,67059.38,INR,WALLET,SUCCESS,SET00630,2026-07-11,67059.38,1005.89,181.06,SETTLED,CUST0005,67059.38,67059.38,PAID,NONE,True,MATCHED
PAY00631,TXN00631,INV00631,2026-07-03,CUST0125,68413.86,INR,NETBANKING,SUCCESS,SET00631,2026-07-05,68413.86,1026.21,184.72,SETTLED,CUST0125,68413.86,68413.86,PAID,NONE,True,MATCHED
PAY00632,TXN00632,INV00632,2026-08-04,CUST0132,72535.57,INR,UPI,SUCCESS,,,,,,,CUST0132,72535.57,72535.57,PAID,MISSING_SETTLEMENT,False,EXCEPTION
PAY00633,TXN00633,INV00633,2026-07-29,CUST0261,48937.07,INR,NETBANKING,SUCCESS,SET00633,2026-07-31,47860.67,734.06,132.13,SETTLED,CUST0261,48937.07,48937.07,PAID,AMOUNT_MISMATCH,False,EXCEPTION
PAY00634,TXN00634,INV00634,2026-07-11,CUST0050,97177.06,INR,UPI,SUCCESS,SET00634,2026-07-14,97177.06,1457.66,262.38,SETTLED,CUST0050,97177.06,97177.06,PAID,NONE,True,MATCHED
PAY00635,TXN00635,INV00635,2026-08-13,CUST0110,42708.84,INR,UPI,SUCCESS,SET00635,2026-08-16,42708.84,640.63,115.31,SETTLED,CUST0110,42708.84,42708.84,PAID,NONE,True,MATCHED
PAY00636,TXN00636,INV00636,2026-08-11,CUST0223,81767.06,INR,UPI,SUCCESS,SET00636,2026-08-12,81767.06,1226.51,220.77,SETTLED,CUST0223,81767.06,81767.06,PAID,NONE,True,MATCHED
PAY00637,TXN00637,INV00637,2026-08-15,CUST0236,33505.68,INR,UPI,SUCCESS,SET00637,2026-08-17,33505.68,502.59,90.47,SETTLED,CUST0236,33505.68,33505.68,PAID,NONE,True,MATCHED
PAY00638,TXN00638,INV00638,2026-07-05,CUST0286,57708.75,INR,CARD,SUCCESS,,,,,,,CUST0286,57708.75,57708.75,PAID,MISSING_SETTLEMENT,False,EXCEPTION
PAY00639,TXN00639,INV00639,2026-08-10,CUST0231,40742.58,INR,NETBANKING,SUCCESS,SET00639,2026-08-11,40742.58,611.14,110.01,SETTLED,CUST0231,40742.58,40742.58,PAID,NONE,True,MATCHED
PAY00640,TXN00640,INV00640,2026-07-01,CUST0274,64321.56,INR,UPI,SUCCESS,SET00640,2026-07-02,64321.56,964.82,173.67,SETTLED,CUST0274,64321.56,64321.56,PAID,NONE,True,MATCHED
PAY00641,TXN00641,INV00641,2026-07-23,CUST0038,92840.75,INR,UPI,SUCCESS,SET00641,2026-07-25,92840.75,1392.61,250.67,SETTLED,CUST0038,92840.75,92840.75,PAID,NONE,True,MATCHED
PAY00642,TXN00642,INV00642,2026-07-19,CUST0045,76644.79,INR,WALLET,SUCCESS,SET00642,2026-07-20,76644.79,1149.67,206.94,SETTLED,CUST0045,76644.79,76644.79,PAID,NONE,True,MATCHED
PAY00643,TXN00643,INV00643,2026-07-11,CUST0243,53580.04,INR,CARD,SUCCESS,SET00643,2026-07-13,53580.04,803.7,144.67,SETTLED,CUST0243,53580.04,53580.04,PAID,NONE,True,MATCHED
PAY00644,TXN00644,INV00644,2026-07-20,CUST0074,67890.26,INR,NETBANKING,SUCCESS,SET00644,2026-07-21,67890.26,1018.35,183.3,SETTLED,CUST0074,68440.44,67890.26,PAID,INVOICE_MISMATCH,False,EXCEPTION
PAY00645,TXN00645,INV00645,2026-07-03,CUST0064,1000.47,INR,WALLET,SUCCESS,SET00645,2026-07-05,1000.47,15.01,2.7,SETTLED,CUST0064,1000.47,1000.47,PAID,NONE,True,MATCHED
PAY00646,TXN00646,INV00646,2026-08-17,CUST0108,74272.33,INR,NETBANKING,SUCCESS,SET00646,2026-08-20,74272.33,1114.08,200.53,SETTLED,CUST0108,74272.33,74272.33,PAID,NONE,True,MATCHED
PAY00647,TXN00647,INV00647,2026-07-11,CUST0073,18807.28,INR,NETBANKING,SUCCESS,SET00647,2026-07-14,18807.28,282.11,50.78,SETTLED,CUST0073,18807.28,18807.28,PAID,NONE,True,MATCHED
PAY00648,TXN00648,INV00648,2026-07-04,CUST0291,85213.08,INR,WALLET,SUCCESS,SET00648,2026-07-06,85213.08,1278.2,230.08,SETTLED,CUST0291,85213.08,85213.08,PAID,NONE,True,MATCHED
PAY00649,TXN00649,INV00649,2026-07-17,CUST0035,10271.14,INR,WALLET,SUCCESS,SET00649,2026-07-20,10271.14,154.07,27.73,SETTLED,CUST0035,12378.26,10271.14,PAID,INVOICE_MISMATCH,False,EXCEPTION
PAY00650,TXN00650,INV00650,2026-07-07,CUST0121,28871.15,INR,UPI,SUCCESS,,,,,,,CUST0121,28871.15,28871.15,PAID,MISSING_SETTLEMENT,False,EXCEPTION
PAY00651,TXN00651,INV00651,2026-07-22,CUST0231,61826.07,INR,NETBANKING,SUCCESS,SET00651,2026-07-25,61826.07,927.39,166.93,SETTLED,CUST0231,61826.07,61826.07,PAID,NONE,True,MATCHED
PAY00652,TXN00652,INV00652,2026-07-24,CUST0291,80866.13,INR,WALLET,SUCCESS,SET00652,2026-07-25,80866.13,1212.99,218.34,SETTLED,CUST0291,80866.13,80866.13,PAID,NONE,True,MATCHED
PAY00653,TXN00653,INV00653,2026-08-15,CUST0114,74111.71,INR,WALLET,SUCCESS,SET00653,2026-08-16,74111.71,1111.68,200.1,SETTLED,CUST0114,74111.71,74111.71,PAID,NONE,True,MATCHED
PAY00654,TXN00654,INV00654,2026-07-31,CUST0170,46553.41,INR,NETBANKING,SUCCESS,SET00654,2026-08-03,46553.41,698.3,125.69,SETTLED,CUST0170,46553.41,46553.41,PAID,NONE,True,MATCHED
PAY00655,TXN00655,INV00655,2026-07-12,CUST0056,64732.38,INR,UPI,SUCCESS,SET00655,2026-07-15,64732.38,970.99,174.78,SETTLED,CUST0056,64732.38,64732.38,PAID,NONE,True,MATCHED
PAY00656,TXN00656,INV00656,2026-07-17,CUST0101,73487.69,INR,UPI,SUCCESS,SET00656,2026-07-20,73487.69,1102.32,198.42,SETTLED,CUST0101,73487.69,73487.69,PAID,NONE,True,MATCHED
PAY00657,TXN00657,INV00657,2026-08-07,CUST0016,58100.63,INR,CARD,SUCCESS,,,,,,,CUST0016,58100.63,58100.63,PAID,MISSING_SETTLEMENT,False,EXCEPTION
PAY00658,TXN00658,INV00658,2026-08-04,CUST0279,47474.34,INR,CARD,SUCCESS,SET00658,2026-08-07,47474.34,712.12,128.18,SETTLED,CUST0279,47474.34,47474.34,PAID,NONE,True,MATCHED
PAY00659,TXN00659,INV00659,2026-07-09,CUST0149,46737.76,INR,UPI,SUCCESS,SET00659,2026-07-10,46737.76,701.07,126.19,SETTLED,CUST0149,46737.76,46737.76,PAID,NONE,True,MATCHED
PAY00660,TXN00660,INV00660,2026-08-09,CUST0123,68574.08,INR,CARD,SUCCESS,SET00660,2026-08-12,68574.08,1028.61,185.15,SETTLED,CUST0123,68574.08,68574.08,PAID,NONE,True,MATCHED
PAY00661,TXN00661,INV00661,2026-08-12,CUST0290,87283.42,INR,CARD,SUCCESS,SET00661,2026-08-14,87283.42,1309.25,235.66,SETTLED,CUST0290,87283.42,87283.42,PAID,NONE,True,MATCHED
PAY00662,TXN00662,INV00662,2026-07-15,CUST0021,76266.5,INR,CARD,SUCCESS,SET00662,2026-07-16,76266.5,1144.0,205.92,SETTLED,CUST0021,76266.5,76266.5,PAID,NONE,True,MATCHED
PAY00663,TXN00663,INV00663,2026-08-12,CUST0022,21074.02,INR,NETBANKING,SUCCESS,SET00663,2026-08-13,21074.02,316.11,56.9,SETTLED,CUST0022,21074.02,21074.02,PAID,NONE,True,MATCHED
PAY00664,TXN00664,INV00664,2026-08-11,CUST0021,32745.08,INR,NETBANKING,SUCCESS,SET00664,2026-08-14,32745.08,491.18,88.41,SETTLED,CUST0021,32745.08,32745.08,PAID,NONE,True,MATCHED
PAY00665,TXN00665,INV00665,2026-08-06,CUST0279,17798.06,INR,WALLET,SUCCESS,SET00665,2026-08-07,17798.06,266.97,48.05,SETTLED,CUST0279,17798.06,17798.06,PAID,NONE,True,MATCHED
PAY00666,TXN00666,INV00666,2026-07-17,CUST0265,37944.71,INR,CARD,SUCCESS,SET00666,2026-07-19,37944.71,569.17,102.45,SETTLED,CUST0265,37944.71,37944.71,PAID,NONE,True,MATCHED
PAY00667,TXN00667,INV00667,2026-08-20,CUST0250,48469.95,INR,UPI,SUCCESS,SET00667,2026-08-22,48469.95,727.05,130.87,SETTLED,CUST0250,48469.95,48469.95,PAID,NONE,True,MATCHED
PAY00668,TXN00668,INV00668,2026-07-15,CUST0085,8170.28,INR,NETBANKING,SUCCESS,SET00668,2026-07-16,8170.28,122.55,22.06,SETTLED,CUST0085,8170.28,8170.28,PAID,NONE,True,MATCHED
PAY00669,TXN00669,INV00669,2026-08-08,CUST0186,71871.62,INR,UPI,SUCCESS,SET00669,2026-08-10,71871.62,1078.07,194.05,SETTLED,CUST0186,71871.62,71871.62,PAID,NONE,True,MATCHED
PAY00670,TXN00670,INV00670,2026-07-31,CUST0059,67685.33,INR,WALLET,SUCCESS,SET00670,2026-08-03,67685.33,1015.28,182.75,SETTLED,CUST0059,67685.33,67685.33,PAID,NONE,True,MATCHED
PAY00671,TXN00671,INV00671,2026-07-02,CUST0211,24745.2,INR,CARD,SUCCESS,SET00671,2026-07-03,24745.2,371.18,66.81,SETTLED,CUST0211,24745.2,24745.2,PAID,NONE,True,MATCHED
PAY00672,TXN00672,INV00672,2026-07-03,CUST0263,89134.37,INR,CARD,SUCCESS,SET00672,2026-07-04,89134.37,1337.02,240.66,SETTLED,CUST0263,89134.37,89134.37,PAID,NONE,True,MATCHED
PAY00673,TXN00673,INV00673,2026-07-26,CUST0265,60136.07,INR,UPI,SUCCESS,SET00673,2026-07-29,58475.59,902.04,162.37,SETTLED,CUST0265,60136.07,60136.07,PAID,AMOUNT_MISMATCH,False,EXCEPTION
PAY00674,TXN00674,INV00674,2026-07-14,CUST0044,45195.73,INR,WALLET,SUCCESS,SET00674,2026-07-15,43518.04,677.94,122.03,SETTLED,CUST0044,45195.73,45195.73,PAID,AMOUNT_MISMATCH,False,EXCEPTION
PAY00675,TXN00675,INV00675,2026-08-20,CUST0074,58473.29,INR,CARD,SUCCESS,SET00675,2026-08-22,58473.29,877.1,157.88,SETTLED,CUST0074,58473.29,58473.29,PAID,NONE,True,MATCHED
PAY00676,TXN00676,INV00676,2026-08-16,CUST0086,68716.32,INR,WALLET,SUCCESS,SET00676,2026-08-17,68716.32,1030.74,185.53,SETTLED,CUST0086,68716.32,68716.32,PAID,NONE,True,MATCHED
PAY00677,TXN00677,INV00677,2026-07-25,CUST0194,13655.21,INR,UPI,SUCCESS,SET00677,2026-07-28,13655.21,204.83,36.87,SETTLED,CUST0194,13655.21,13655.21,PAID,NONE,True,MATCHED
PAY00678,TXN00678,INV00678,2026-07-10,CUST0215,60748.35,INR,CARD,SUCCESS,SET00678,2026-07-13,60748.35,911.23,164.02,SETTLED,CUST0215,60748.35,60748.35,PAID,NONE,True,MATCHED
PAY00679,TXN00679,INV00679,2026-08-20,CUST0020,53377.28,INR,UPI,SUCCESS,SET00679,2026-08-21,53377.28,800.66,144.12,SETTLED,CUST0020,53377.28,53377.28,PAID,NONE,True,MATCHED
PAY00680,TXN00680,INV00680,2026-07-01,CUST0277,89748.41,INR,WALLET,SUCCESS,SET00680,2026-07-02,89748.41,1346.23,242.32,SETTLED,CUST0277,89748.41,89748.41,PAID,NONE,True,MATCHED
PAY00681,TXN00681,INV00681,2026-07-28,CUST0272,23333.88,INR,WALLET,SUCCESS,SET00681,2026-07-30,23333.88,350.01,63.0,SETTLED,CUST0272,23333.88,23333.88,PAID,NONE,True,MATCHED
PAY00682,TXN00682,INV00682,2026-07-07,CUST0295,42836.19,INR,NETBANKING,SUCCESS,SET00682,2026-07-08,42836.19,642.54,115.66,SETTLED,CUST0295,42836.19,42836.19,PAID,NONE,True,MATCHED
PAY00683,TXN00683,INV00683,2026-08-08,CUST0146,87738.25,INR,WALLET,SUCCESS,SET00683,2026-08-11,87738.25,1316.07,236.89,SETTLED,CUST0146,87738.25,87738.25,PAID,NONE,True,MATCHED
PAY00684,TXN00684,INV00684,2026-08-06,CUST0004,52492.79,INR,UPI,SUCCESS,SET00684,2026-08-09,52492.79,787.39,141.73,SETTLED,CUST0004,52492.79,52492.79,PAID,NONE,True,MATCHED
PAY00685,TXN00685,INV00685,2026-07-27,CUST0162,36545.84,INR,CARD,SUCCESS,SET00685,2026-07-29,36545.84,548.19,98.67,SETTLED,CUST0162,36545.84,36545.84,PAID,NONE,True,MATCHED
PAY00686,TXN00686,INV00686,2026-08-04,CUST0134,42644.37,INR,NETBANKING,SUCCESS,SET00686,2026-08-06,42644.37,639.67,115.14,SETTLED,CUST0134,42644.37,42644.37,PAID,NONE,True,MATCHED
PAY00687,TXN00687,INV00687,2026-07-27,CUST0105,55434.44,INR,WALLET,SUCCESS,SET00687,2026-07-30,55434.44,831.52,149.67,SETTLED,CUST0105,55434.44,55434.44,PAID,NONE,True,MATCHED
PAY00688,TXN00688,INV00688,2026-07-17,CUST0248,98856.57,INR,NETBANKING,SUCCESS,SET00688,2026-07-20,98856.57,1482.85,266.91,SETTLED,CUST0248,98856.57,98856.57,PAID,NONE,True,MATCHED
PAY00689,TXN00689,INV00689,2026-08-12,CUST0071,12349.03,INR,CARD,SUCCESS,SET00689,2026-08-13,12349.03,185.24,33.34,SETTLED,CUST0071,12349.03,12349.03,PAID,NONE,True,MATCHED
PAY00690,TXN00690,INV00690,2026-07-14,CUST0052,51080.18,INR,NETBANKING,SUCCESS,SET00690,2026-07-17,51080.18,766.2,137.92,SETTLED,CUST0052,51080.18,51080.18,PAID,NONE,True,MATCHED
PAY00691,TXN00691,INV00691,2026-07-11,CUST0027,39215.82,INR,UPI,SUCCESS,SET00691,2026-07-13,39215.82,588.24,105.88,SETTLED,CUST0027,39215.82,39215.82,PAID,NONE,True,MATCHED
PAY00692,TXN00692,INV00692,2026-07-06,CUST0223,6876.01,INR,CARD,SUCCESS,SET00692,2026-07-07,6876.01,103.14,18.57,SETTLED,CUST0223,6876.01,6876.01,PAID,NONE,True,MATCHED
PAY00693,TXN00693,INV00693,2026-07-26,CUST0197,61589.58,INR,NETBANKING,SUCCESS,SET00693,2026-07-27,61589.58,923.84,166.29,SETTLED,CUST0197,61589.58,61589.58,PAID,NONE,True,MATCHED
PAY00694,TXN00694,INV00694,2026-08-10,CUST0090,49689.65,INR,UPI,SUCCESS,SET00694,2026-08-13,49689.65,745.34,134.16,SETTLED,CUST0090,49689.65,49689.65,PAID,NONE,True,MATCHED
PAY00695,TXN00695,INV00695,2026-07-13,CUST0147,3844.13,INR,CARD,SUCCESS,SET00695,2026-07-14,3844.13,57.66,10.38,SETTLED,CUST0147,3844.13,3844.13,PAID,NONE,True,MATCHED
PAY00696,TXN00696,INV00696,2026-07-16,CUST0185,65674.4,INR,CARD,SUCCESS,SET00696,2026-07-18,65674.4,985.12,177.32,SETTLED,CUST0185,65674.4,65674.4,PAID,NONE,True,MATCHED
PAY00697,TXN00697,INV00697,2026-08-12,CUST0181,39816.74,INR,CARD,SUCCESS,SET00697,2026-08-15,39816.74,597.25,107.5,SETTLED,CUST0181,39816.74,39816.74,PAID,NONE,True,MATCHED
PAY00698,TXN00698,INV00698,2026-07-06,CUST0036,55184.47,INR,NETBANKING,SUCCESS,SET00698,2026-07-07,55184.47,827.77,149.0,SETTLED,CUST0036,55184.47,55184.47,PAID,NONE,True,MATCHED
PAY00699,TXN00699,INV00699,2026-07-30,CUST0100,93006.53,INR,UPI,SUCCESS,SET00699,2026-08-02,93006.53,1395.1,251.12,SETTLED,CUST0100,93006.53,93006.53,PAID,NONE,True,MATCHED
PAY00700,TXN00700,INV00700,2026-08-05,CUST0055,7702.4,INR,NETBANKING,SUCCESS,SET00700,2026-08-08,7702.4,115.54,20.8,SETTLED,CUST0055,7702.4,7702.4,PAID,NONE,True,MATCHED
PAY00701,TXN00701,INV00701,2026-08-04,CUST0132,81408.16,INR,NETBANKING,SUCCESS,SET00701,2026-08-07,81408.16,1221.12,219.8,SETTLED,CUST0132,81408.16,81408.16,PAID,NONE,True,MATCHED
PAY00702,TXN00702,INV00702,2026-08-19,CUST0248,24705.69,INR,NETBANKING,SUCCESS,SET00702,2026-08-22,24705.69,370.59,66.71,SETTLED,CUST0248,27270.51,24705.69,PAID,INVOICE_MISMATCH,False,EXCEPTION
PAY00703,TXN00703,INV00703,2026-07-31,CUST0015,12068.7,INR,UPI,SUCCESS,SET00703,2026-08-03,12068.7,181.03,32.59,SETTLED,CUST0015,12068.7,12068.7,PAID,NONE,True,MATCHED
PAY00704,TXN00704,INV00704,2026-07-21,CUST0118,41536.38,INR,NETBANKING,SUCCESS,SET00704,2026-07-24,41536.38,623.05,112.15,SETTLED,CUST0118,41536.38,41536.38,PAID,NONE,True,MATCHED
PAY00705,TXN00705,INV00705,2026-07-16,CUST0135,29085.31,INR,WALLET,SUCCESS,SET00705,2026-07-17,29085.31,436.28,78.53,SETTLED,CUST0135,29085.31,29085.31,PAID,NONE,True,MATCHED
PAY00706,TXN00706,INV00706,2026-07-12,CUST0284,47917.27,INR,NETBANKING,SUCCESS,SET00706,2026-07-14,47917.27,718.76,129.38,SETTLED,CUST0284,47917.27,47917.27,PAID,NONE,True,MATCHED
PAY00707,TXN00707,INV00707,2026-08-17,CUST0094,68469.18,INR,CARD,SUCCESS,SET00707,2026-08-18,68469.18,1027.04,184.87,SETTLED,CUST0094,68469.18,68469.18,PAID,NONE,True,MATCHED
PAY00708,TXN00708,INV00708,2026-07-17,CUST0124,21074.47,INR,CARD,SUCCESS,SET00708,2026-07-19,21074.47,316.12,56.9,SETTLED,CUST0124,21074.47,21074.47,PAID,NONE,True,MATCHED
PAY00709,TXN00709,INV00709,2026-08-19,CUST0080,11115.58,INR,UPI,SUCCESS,SET00709,2026-08-21,11115.58,166.73,30.01,SETTLED,CUST0080,11115.58,11115.58,PAID,NONE,True,MATCHED
PAY00710,TXN00710,INV00710,2026-08-18,CUST0004,85780.39,INR,UPI,SUCCESS,SET00710,2026-08-21,85780.39,1286.71,231.61,SETTLED,CUST0004,85780.39,85780.39,PAID,NONE,True,MATCHED
PAY00711,TXN00711,INV00711,2026-08-01,CUST0162,89863.06,INR,NETBANKING,SUCCESS,SET00711,2026-08-03,89863.06,1347.95,242.63,SETTLED,CUST0162,89863.06,89863.06,PAID,NONE,True,MATCHED
PAY00712,TXN00712,INV00712,2026-07-15,CUST0204,75141.85,INR,CARD,SUCCESS,SET00712,2026-07-17,75141.85,1127.13,202.88,SETTLED,CUST0204,75141.85,75141.85,PAID,NONE,True,MATCHED
PAY00713,TXN00713,INV00713,2026-07-03,CUST0277,50496.28,INR,WALLET,SUCCESS,SET00713,2026-07-05,48540.92,757.44,136.34,SETTLED,CUST0277,50496.28,50496.28,PAID,AMOUNT_MISMATCH,False,EXCEPTION
PAY00714,TXN00714,INV00714,2026-07-30,CUST0266,31907.3,INR,UPI,SUCCESS,SET00714,2026-08-01,31907.3,478.61,86.15,SETTLED,CUST0266,31907.3,31907.3,PAID,NONE,True,MATCHED
PAY00715,TXN00715,INV00715,2026-07-07,CUST0298,32880.9,INR,NETBANKING,SUCCESS,SET00715,2026-07-08,32880.9,493.21,88.78,SETTLED,CUST0298,32880.9,32880.9,PAID,NONE,True,MATCHED
PAY00716,TXN00716,INV00716,2026-07-31,CUST0138,95873.42,INR,NETBANKING,SUCCESS,SET00716,2026-08-02,95873.42,1438.1,258.86,SETTLED,CUST0138,95873.42,95873.42,PAID,NONE,True,MATCHED
PAY00717,TXN00717,INV00717,2026-07-27,CUST0108,70220.91,INR,NETBANKING,SUCCESS,SET00717,2026-07-29,70220.91,1053.31,189.6,SETTLED,CUST0108,70220.91,70220.91,PAID,NONE,True,MATCHED
PAY00718,TXN00718,INV00718,2026-07-12,CUST0231,57355.27,INR,CARD,SUCCESS,SET00718,2026-07-14,57355.27,860.33,154.86,SETTLED,CUST0231,57355.27,57355.27,PAID,NONE,True,MATCHED
PAY00719,TXN00719,INV00719,2026-08-05,CUST0121,43505.77,INR,WALLET,SUCCESS,SET00719,2026-08-06,43505.77,652.59,117.47,SETTLED,CUST0121,43505.77,43505.77,PAID,NONE,True,MATCHED
PAY00720,TXN00720,INV00720,2026-07-01,CUST0243,18072.42,INR,WALLET,SUCCESS,SET00720,2026-07-04,18072.42,271.09,48.8,SETTLED,CUST0243,18072.42,18072.42,PAID,NONE,True,MATCHED
PAY00721,TXN00721,INV00721,2026-08-16,CUST0274,31914.86,INR,WALLET,SUCCESS,SET00721,2026-08-19,31914.86,478.72,86.17,SETTLED,CUST0274,31914.86,31914.86,PAID,NONE,True,MATCHED
PAY00722,TXN00722,INV00722,2026-07-26,CUST0025,10347.99,INR,CARD,SUCCESS,SET00722,2026-07-28,10347.99,155.22,27.94,SETTLED,CUST0025,10347.99,10347.99,PAID,NONE,True,MATCHED
PAY00723,TXN00723,INV00723,2026-07-29,CUST0050,74587.03,INR,NETBANKING,SUCCESS,SET00723,2026-08-01,74587.03,1118.81,201.39,SETTLED,CUST0050,74587.03,74587.03,PAID,NONE,True,MATCHED
PAY00724,TXN00724,INV00724,2026-07-23,CUST0132,2473.62,INR,UPI,SUCCESS,SET00724,2026-07-26,2473.62,37.1,6.68,SETTLED,CUST0132,2473.62,2473.62,PAID,NONE,True,MATCHED
PAY00725,TXN00725,INV00725,2026-08-06,CUST0102,57801.5,INR,CARD,SUCCESS,SET00725,2026-08-09,57801.5,867.02,156.06,SETTLED,CUST0102,59582.24,57801.5,PAID,INVOICE_MISMATCH,False,EXCEPTION
PAY00726,TXN00726,INV00726,2026-08-01,CUST0262,77587.06,INR,WALLET,SUCCESS,SET00726,2026-08-04,76942.67,1163.81,209.49,SETTLED,CUST0262,77587.06,77587.06,PAID,AMOUNT_MISMATCH,False,EXCEPTION
PAY00727,TXN00727,INV00727,2026-07-11,CUST0075,64237.77,INR,NETBANKING,SUCCESS,SET00727,2026-07-14,64237.77,963.57,173.44,SETTLED,CUST0075,64237.77,64237.77,PAID,NONE,True,MATCHED
PAY00728,TXN00728,INV00728,2026-07-05,CUST0208,8371.64,INR,NETBANKING,SUCCESS,SET00728,2026-07-08,8371.64,125.57,22.6,SETTLED,CUST0208,8371.64,8371.64,PAID,NONE,True,MATCHED
PAY00729,TXN00729,INV00729,2026-08-15,CUST0150,27113.5,INR,WALLET,SUCCESS,SET00729,2026-08-17,27113.5,406.7,73.21,SETTLED,CUST0150,27113.5,27113.5,PAID,NONE,True,MATCHED
PAY00730,TXN00730,INV00730,2026-07-29,CUST0267,41691.91,INR,CARD,SUCCESS,SET00730,2026-08-01,41146.12,625.38,112.57,SETTLED,CUST0267,41691.91,41691.91,PAID,AMOUNT_MISMATCH,False,EXCEPTION
PAY00731,TXN00731,INV00731,2026-08-17,CUST0129,70219.34,INR,UPI,SUCCESS,SET00731,2026-08-18,70219.34,1053.29,189.59,SETTLED,CUST0129,70219.34,70219.34,PAID,NONE,True,MATCHED
PAY00732,TXN00732,INV00732,2026-07-05,CUST0049,93710.97,INR,WALLET,SUCCESS,SET00732,2026-07-07,93710.97,1405.66,253.02,SETTLED,CUST0049,93710.97,93710.97,PAID,NONE,True,MATCHED
PAY00733,TXN00733,INV00733,2026-08-18,CUST0269,99603.37,INR,UPI,SUCCESS,SET00733,2026-08-19,99603.37,1494.05,268.93,SETTLED,CUST0269,99603.37,99603.37,PAID,NONE,True,MATCHED
PAY00734,TXN00734,INV00734,2026-07-20,CUST0200,23320.92,INR,NETBANKING,SUCCESS,SET00734,2026-07-21,23320.92,349.81,62.97,SETTLED,CUST0200,23320.92,23320.92,PAID,NONE,True,MATCHED
PAY00735,TXN00735,INV00735,2026-07-11,CUST0270,3342.84,INR,NETBANKING,SUCCESS,SET00735,2026-07-13,2355.17,50.14,9.03,SETTLED,CUST0270,3342.84,3342.84,PAID,AMOUNT_MISMATCH,False,EXCEPTION
PAY00736,TXN00736,INV00736,2026-07-18,CUST0277,55080.25,INR,CARD,SUCCESS,SET00736,2026-07-21,55080.25,826.2,148.72,SETTLED,CUST0277,58719.55,55080.25,PAID,INVOICE_MISMATCH,False,EXCEPTION
PAY00737,TXN00737,INV00737,2026-08-10,CUST0234,75016.7,INR,WALLET,SUCCESS,SET00737,2026-08-13,75016.7,1125.25,202.54,SETTLED,CUST0234,75016.7,75016.7,PAID,NONE,True,MATCHED
PAY00738,TXN00738,INV00738,2026-07-23,CUST0159,48424.34,INR,CARD,SUCCESS,SET00738,2026-07-25,48424.34,726.37,130.75,SETTLED,CUST0159,48424.34,48424.34,PAID,NONE,True,MATCHED
PAY00739,TXN00739,INV00739,2026-07-27,CUST0188,26350.8,INR,NETBANKING,SUCCESS,SET00739,2026-07-28,26350.8,395.26,71.15,SETTLED,CUST0188,26350.8,26350.8,PAID,NONE,True,MATCHED
PAY00740,TXN00740,INV00740,2026-07-19,CUST0177,47185.2,INR,UPI,SUCCESS,SET00740,2026-07-21,47185.2,707.78,127.4,SETTLED,CUST0177,47185.2,47185.2,PAID,NONE,True,MATCHED
PAY00741,TXN00741,INV00741,2026-07-01,CUST0154,76703.99,INR,NETBANKING,SUCCESS,SET00741,2026-07-04,76703.99,1150.56,207.1,SETTLED,CUST0154,76703.99,76703.99,PAID,NONE,True,MATCHED
PAY00742,TXN00742,INV00742,2026-07-13,CUST0192,41467.72,INR,WALLET,SUCCESS,SET00742,2026-07-16,41467.72,622.02,111.96,SETTLED,CUST0192,41467.72,41467.72,PAID,NONE,True,MATCHED
PAY00743,TXN00743,INV00743,2026-07-25,CUST0200,22448.95,INR,UPI,SUCCESS,SET00743,2026-07-28,22448.95,336.73,60.61,SETTLED,CUST0200,22448.95,22448.95,PAID,NONE,True,MATCHED
PAY00744,TXN00744,INV00744,2026-07-19,CUST0140,65021.48,INR,NETBANKING,SUCCESS,SET00744,2026-07-20,65021.48,975.32,175.56,SETTLED,CUST0140,65021.48,65021.48,PAID,NONE,True,MATCHED
PAY00745,TXN00745,INV00745,2026-07-19,CUST0070,11480.46,INR,WALLET,SUCCESS,SET00745,2026-07-22,11480.46,172.21,31.0,SETTLED,CUST0070,11480.46,11480.46,PAID,NONE,True,MATCHED
PAY00746,TXN00746,INV00746,2026-07-13,CUST0252,32404.05,INR,CARD,SUCCESS,SET00746,2026-07-14,32404.05,486.06,87.49,SETTLED,CUST0252,32404.05,32404.05,PAID,NONE,True,MATCHED
PAY00747,TXN00747,INV00747,2026-07-07,CUST0096,28570.4,INR,CARD,SUCCESS,SET00747,2026-07-08,28570.4,428.56,77.14,SETTLED,CUST0096,28570.4,28570.4,PAID,NONE,True,MATCHED
PAY00748,TXN00748,INV00748,2026-07-06,CUST0120,15493.03,INR,WALLET,SUCCESS,SET00748,2026-07-08,15493.03,232.4,41.83,SETTLED,CUST0120,15493.03,15493.03,PAID,NONE,True,MATCHED
PAY00749,TXN00749,INV00749,2026-07-24,CUST0256,46636.6,INR,UPI,SUCCESS,SET00749,2026-07-25,46636.6,699.55,125.92,SETTLED,CUST0256,46636.6,46636.6,PAID,NONE,True,MATCHED
PAY00750,TXN00750,INV00750,2026-08-19,CUST0137,39545.97,INR,WALLET,SUCCESS,SET00750,2026-08-21,39545.97,593.19,106.77,SETTLED,CUST0137,39545.97,39545.97,PAID,NONE,True,MATCHED
PAY00751,TXN00751,INV00751,2026-07-08,CUST0007,97472.55,INR,CARD,SUCCESS,SET00751,2026-07-09,97472.55,1462.09,263.18,SETTLED,CUST0007,97472.55,97472.55,PAID,NONE,True,MATCHED
PAY00752,TXN00752,INV00752,2026-07-13,CUST0018,46353.05,INR,UPI,SUCCESS,SET00752,2026-07-15,46353.05,695.3,125.15,SETTLED,CUST0018,46353.05,46353.05,PAID,NONE,True,MATCHED
PAY00753,TXN00753,INV00753,2026-08-13,CUST0200,96140.78,INR,NETBANKING,SUCCESS,SET00753,2026-08-14,96140.78,1442.11,259.58,SETTLED,CUST0200,96140.78,96140.78,PAID,NONE,True,MATCHED
PAY00754,TXN00754,INV00754,2026-08-03,CUST0282,12653.08,INR,WALLET,SUCCESS,SET00754,2026-08-05,12653.08,189.8,34.16,SETTLED,CUST0282,12653.08,12653.08,PAID,NONE,True,MATCHED
PAY00755,TXN00755,INV00755,2026-08-12,CUST0027,22169.93,INR,UPI,SUCCESS,SET00755,2026-08-14,22169.93,332.55,59.86,SETTLED,CUST0027,22169.93,22169.93,PAID,NONE,True,MATCHED
PAY00756,TXN00756,INV00756,2026-07-11,CUST0008,79541.84,INR,UPI,SUCCESS,SET00756,2026-07-12,79541.84,1193.13,214.76,SETTLED,CUST0008,79541.84,79541.84,PAID,NONE,True,MATCHED
PAY00757,TXN00757,INV00757,2026-08-07,CUST0022,78455.79,INR,WALLET,SUCCESS,SET00757,2026-08-09,78455.79,1176.84,211.83,SETTLED,CUST0022,78455.79,78455.79,PAID,NONE,True,MATCHED
PAY00758,TXN00758,INV00758,2026-07-16,CUST0046,16191.0,INR,UPI,SUCCESS,SET00758,2026-07-19,16191.0,242.86,43.71,SETTLED,CUST0046,16191.0,16191.0,PAID,NONE,True,MATCHED
PAY00759,TXN00759,INV00759,2026-07-04,CUST0031,35874.01,INR,CARD,SUCCESS,SET00759,2026-07-05,35874.01,538.11,96.86,SETTLED,CUST0031,35874.01,35874.01,PAID,NONE,True,MATCHED
PAY00760,TXN00760,INV00760,2026-07-15,CUST0250,32015.59,INR,NETBANKING,SUCCESS,SET00760,2026-07-18,32015.59,480.23,86.44,SETTLED,CUST0250,32015.59,32015.59,PAID,NONE,True,MATCHED
PAY00761,TXN00761,INV00761,2026-07-02,CUST0099,69080.37,INR,NETBANKING,SUCCESS,SET00761,2026-07-03,69080.37,1036.21,186.52,SETTLED,CUST0099,69080.37,69080.37,PAID,NONE,True,MATCHED
PAY00762,TXN00762,INV00762,2026-08-15,CUST0249,44031.25,INR,NETBANKING,SUCCESS,SET00762,2026-08-16,44031.25,660.47,118.88,SETTLED,CUST0249,44031.25,44031.25,PAID,NONE,True,MATCHED
PAY00763,TXN00763,INV00763,2026-07-12,CUST0291,54590.24,INR,NETBANKING,SUCCESS,SET00763,2026-07-15,54590.24,818.85,147.39,SETTLED,CUST0291,54590.24,54590.24,PAID,NONE,True,MATCHED
PAY00764,TXN00764,INV00764,2026-07-11,CUST0284,7353.22,INR,CARD,SUCCESS,SET00764,2026-07-14,7353.22,110.3,19.85,SETTLED,CUST0284,7353.22,7353.22,PAID,NONE,True,MATCHED
PAY00765,TXN00765,INV00765,2026-07-30,CUST0188,571.62,INR,WALLET,SUCCESS,SET00765,2026-08-02,571.62,8.57,1.54,SETTLED,CUST0188,571.62,571.62,PAID,NONE,True,MATCHED
PAY00766,TXN00766,INV00766,2026-08-19,CUST0187,62209.63,INR,NETBANKING,SUCCESS,SET00766,2026-08-22,62209.63,933.14,167.97,SETTLED,CUST0187,62209.63,62209.63,PAID,NONE,True,MATCHED
PAY00767,TXN00767,INV00767,2026-07-13,CUST0199,52644.94,INR,WALLET,SUCCESS,SET00767,2026-07-16,52644.94,789.67,142.14,SETTLED,CUST0199,52644.94,52644.94,PAID,NONE,True,MATCHED
PAY00768,TXN00768,INV00768,2026-07-21,CUST0145,41275.55,INR,NETBANKING,SUCCESS,SET00768,2026-07-24,41275.55,619.13,111.44,SETTLED,CUST0145,41275.55,41275.55,PAID,NONE,True,MATCHED
PAY00769,TXN00769,INV00769,2026-07-03,CUST0035,83601.74,INR,CARD,SUCCESS,SET00769,2026-07-04,83601.74,1254.03,225.73,SETTLED,CUST0035,83601.74,83601.74,PAID,NONE,True,MATCHED
PAY00770,TXN00770,INV00770,2026-08-01,CUST0055,19565.86,INR,UPI,SUCCESS,SET00770,2026-08-04,19565.86,293.49,52.83,SETTLED,CUST0055,19565.86,19565.86,PAID,NONE,True,MATCHED
PAY00771,TXN00771,INV00771,2026-08-03,CUST0251,62585.06,INR,NETBANKING,SUCCESS,SET00771,2026-08-06,62585.06,938.78,168.98,SETTLED,CUST0251,62585.06,62585.06,PAID,NONE,True,MATCHED
PAY00772,TXN00772,INV00772,2026-07-01,CUST0037,93056.0,INR,CARD,SUCCESS,SET00772,2026-07-03,93056.0,1395.84,251.25,SETTLED,CUST0037,93056.0,93056.0,PAID,NONE,True,MATCHED
PAY00773,TXN00773,INV00773,2026-07-24,CUST0032,56022.98,INR,WALLET,SUCCESS,SET00773,2026-07-25,56022.98,840.34,151.26,SETTLED,CUST0032,56022.98,56022.98,PAID,NONE,True,MATCHED
PAY00774,TXN00774,INV00774,2026-08-03,CUST0137,4544.99,INR,UPI,SUCCESS,SET00774,2026-08-04,4544.99,68.17,12.27,SETTLED,CUST0137,4544.99,4544.99,PAID,NONE,True,MATCHED
PAY00775,TXN00775,INV00775,2026-07-07,CUST0266,10571.9,INR,CARD,SUCCESS,SET00775,2026-07-08,10571.9,158.58,28.54,SETTLED,CUST0266,10571.9,10571.9,PAID,NONE,True,MATCHED
PAY00776,TXN00776,INV00776,2026-08-12,CUST0270,25251.92,INR,CARD,SUCCESS,SET00776,2026-08-14,25251.92,378.78,68.18,SETTLED,CUST0270,25251.92,25251.92,PAID,NONE,True,MATCHED
PAY00777,TXN00777,INV00777,2026-08-19,CUST0055,64043.12,INR,NETBANKING,SUCCESS,SET00777,2026-08-22,64043.12,960.65,172.92,SETTLED,CUST0055,64043.12,64043.12,PAID,NONE,True,MATCHED
PAY00778,TXN00778,INV00778,2026-07-07,CUST0219,17097.53,INR,CARD,SUCCESS,SET00778,2026-07-09,17097.53,256.46,46.16,SETTLED,CUST0219,17097.53,17097.53,PAID,NONE,True,MATCHED
PAY00779,TXN00779,INV00779,2026-08-04,CUST0081,99844.14,INR,WALLET,SUCCESS,SET00779,2026-08-07,99844.14,1497.66,269.58,SETTLED,CUST0081,99844.14,99844.14,PAID,DUPLICATE_PAYMENT,False,EXCEPTION
PAY00779_DUP,TXN00779_DUP,INV00779,2026-08-04,CUST0081,99844.14,INR,WALLET,SUCCESS,,,,,,,CUST0081,99844.14,99844.14,PAID,MISSING_SETTLEMENT;DUPLICATE_PAYMENT,False,EXCEPTION
PAY00780,TXN00780,INV00780,2026-07-24,CUST0167,41528.16,INR,WALLET,SUCCESS,SET00780,2026-07-27,41528.16,622.92,112.13,SETTLED,CUST0167,41528.16,41528.16,PAID,NONE,True,MATCHED
PAY00781,TXN00781,INV00781,2026-08-06,CUST0124,54789.81,INR,WALLET,SUCCESS,SET00781,2026-08-08,54789.81,821.85,147.93,SETTLED,CUST0124,54789.81,54789.81,PAID,NONE,True,MATCHED
PAY00782,TXN00782,INV00782,2026-07-29,CUST0185,45026.23,INR,WALLET,SUCCESS,SET00782,2026-07-31,45026.23,675.39,121.57,SETTLED,CUST0185,45026.23,45026.23,PAID,NONE,True,MATCHED
PAY00783,TXN00783,INV00783,2026-08-03,CUST0009,13941.03,INR,NETBANKING,SUCCESS,SET00783,2026-08-04,13941.03,209.12,37.64,SETTLED,CUST0009,13941.03,13941.03,PAID,NONE,True,MATCHED
PAY00784,TXN00784,INV00784,2026-07-02,CUST0162,77266.55,INR,NETBANKING,SUCCESS,,,,,,,CUST0162,77266.55,77266.55,PAID,MISSING_SETTLEMENT,False,EXCEPTION
PAY00785,TXN00785,INV00785,2026-08-06,CUST0293,15894.12,INR,UPI,SUCCESS,SET00785,2026-08-07,15894.12,238.41,42.91,SETTLED,CUST0293,15894.12,15894.12,PAID,NONE,True,MATCHED
PAY00786,TXN00786,INV00786,2026-07-24,CUST0136,89017.72,INR,CARD,SUCCESS,SET00786,2026-07-25,89017.72,1335.27,240.35,SETTLED,CUST0136,89017.72,89017.72,PAID,NONE,True,MATCHED
PAY00787,TXN00787,INV00787,2026-07-26,CUST0293,57121.96,INR,CARD,SUCCESS,SET00787,2026-07-28,57121.96,856.83,154.23,SETTLED,CUST0293,57121.96,57121.96,PAID,NONE,True,MATCHED
PAY00788,TXN00788,INV00788,2026-07-12,CUST0248,49083.5,INR,UPI,SUCCESS,SET00788,2026-07-13,49083.5,736.25,132.53,SETTLED,CUST0248,49083.5,49083.5,PAID,NONE,True,MATCHED
PAY00789,TXN00789,INV00789,2026-07-25,CUST0296,8308.5,INR,UPI,SUCCESS,,,,,,,CUST0296,8308.5,8308.5,PAID,MISSING_SETTLEMENT,False,EXCEPTION
PAY00790,TXN00790,INV00790,2026-07-27,CUST0223,93059.49,INR,UPI,SUCCESS,SET00790,2026-07-30,91719.21,1395.89,251.26,SETTLED,CUST0223,93059.49,93059.49,PAID,AMOUNT_MISMATCH,False,EXCEPTION
PAY00791,TXN00791,INV00791,2026-08-10,CUST0006,77853.15,INR,WALLET,SUCCESS,SET00791,2026-08-11,77853.15,1167.8,210.2,SETTLED,CUST0006,77853.15,77853.15,PAID,NONE,True,MATCHED
PAY00792,TXN00792,INV00792,2026-08-04,CUST0164,56708.83,INR,NETBANKING,SUCCESS,SET00792,2026-08-05,56708.83,850.63,153.11,SETTLED,CUST0164,56708.83,56708.83,PAID,NONE,True,MATCHED
PAY00793,TXN00793,INV00793,2026-08-13,CUST0026,73292.07,INR,WALLET,SUCCESS,SET00793,2026-08-16,73292.07,1099.38,197.89,SETTLED,CUST0026,77179.85,73292.07,PAID,INVOICE_MISMATCH,False,EXCEPTION
PAY00794,TXN00794,INV00794,2026-07-15,CUST0047,43477.6,INR,WALLET,SUCCESS,SET00794,2026-07-16,43477.6,652.16,117.39,SETTLED,CUST0047,43477.6,43477.6,PAID,NONE,True,MATCHED
PAY00795,TXN00795,INV00795,2026-08-06,CUST0244,74658.85,INR,WALLET,SUCCESS,SET00795,2026-08-09,74658.85,1119.88,201.58,SETTLED,CUST0244,74658.85,74658.85,PAID,NONE,True,MATCHED
PAY00796,TXN00796,INV00796,2026-08-19,CUST0223,69938.12,INR,CARD,SUCCESS,SET00796,2026-08-21,69938.12,1049.07,188.83,SETTLED,CUST0223,69938.12,69938.12,PAID,NONE,True,MATCHED
PAY00797,TXN00797,INV00797,2026-08-11,CUST0203,57347.4,INR,CARD,SUCCESS,SET00797,2026-08-13,57347.4,860.21,154.84,SETTLED,CUST0203,57347.4,57347.4,PAID,NONE,True,MATCHED
PAY00798,TXN00798,INV00798,2026-08-13,CUST0166,92451.74,INR,UPI,SUCCESS,SET00798,2026-08-15,92451.74,1386.78,249.62,SETTLED,CUST0166,92451.74,92451.74,PAID,NONE,True,MATCHED
PAY00799,TXN00799,INV00799,2026-07-23,CUST0188,19453.73,INR,NETBANKING,SUCCESS,SET00799,2026-07-25,19453.73,291.81,52.53,SETTLED,CUST0188,19453.73,19453.73,PAID,NONE,True,MATCHED
PAY00800,TXN00800,INV00800,2026-07-23,CUST0087,61813.99,INR,WALLET,SUCCESS,SET00800,2026-07-24,61813.99,927.21,166.9,SETTLED,CUST0087,61813.99,61813.99,PAID,NONE,True,MATCHED
PAY00801,TXN00801,INV00801,2026-07-13,CUST0120,68693.24,INR,CARD,SUCCESS,SET00801,2026-07-14,68693.24,1030.4,185.47,SETTLED,CUST0120,68693.24,68693.24,PAID,NONE,True,MATCHED
PAY00802,TXN00802,INV00802,2026-07-16,CUST0028,94919.62,INR,CARD,SUCCESS,SET00802,2026-07-17,94167.4,1423.79,256.28,SETTLED,CUST0028,94919.62,94919.62,PAID,AMOUNT_MISMATCH,False,EXCEPTION
PAY00803,TXN00803,INV00803,2026-07-20,CUST0057,45281.13,INR,UPI,SUCCESS,SET00803,2026-07-23,45281.13,679.22,122.26,SETTLED,CUST0057,45281.13,45281.13,PAID,NONE,True,MATCHED
PAY00804,TXN00804,INV00804,2026-07-14,CUST0109,54869.21,INR,NETBANKING,SUCCESS,SET00804,2026-07-17,54869.21,823.04,148.15,SETTLED,CUST0109,54869.21,54869.21,PAID,NONE,True,MATCHED
PAY00805,TXN00805,INV00805,2026-08-14,CUST0073,70026.15,INR,UPI,SUCCESS,SET00805,2026-08-17,70026.15,1050.39,189.07,SETTLED,CUST0073,70026.15,70026.15,PAID,NONE,True,MATCHED
PAY00806,TXN00806,INV00806,2026-07-17,CUST0023,17446.8,INR,NETBANKING,SUCCESS,SET00806,2026-07-20,17446.8,261.7,47.11,SETTLED,CUST0023,17446.8,17446.8,PAID,NONE,True,MATCHED
PAY00807,TXN00807,INV00807,2026-07-04,CUST0139,46763.6,INR,UPI,SUCCESS,SET00807,2026-07-06,46763.6,701.45,126.26,SETTLED,CUST0139,46763.6,46763.6,PAID,NONE,True,MATCHED
PAY00808,TXN00808,INV00808,2026-07-07,CUST0185,2398.29,INR,WALLET,SUCCESS,SET00808,2026-07-10,2398.29,35.97,6.47,SETTLED,CUST0185,2398.29,2398.29,PAID,NONE,True,MATCHED
PAY00809,TXN00809,INV00809,2026-07-21,CUST0051,48723.88,INR,UPI,SUCCESS,SET00809,2026-07-23,48723.88,730.86,131.55,SETTLED,CUST0051,48723.88,48723.88,PAID,NONE,True,MATCHED
PAY00810,TXN00810,INV00810,2026-08-15,CUST0288,2638.1,INR,CARD,SUCCESS,,,,,,,CUST0288,2638.1,2638.1,PAID,MISSING_SETTLEMENT,False,EXCEPTION
PAY00811,TXN00811,INV00811,2026-07-26,CUST0251,74566.88,INR,UPI,SUCCESS,SET00811,2026-07-28,74566.88,1118.5,201.33,SETTLED,CUST0251,74566.88,74566.88,PAID,NONE,True,MATCHED
PAY00812,TXN00812,INV00812,2026-07-16,CUST0155,99601.44,INR,NETBANKING,SUCCESS,SET00812,2026-07-18,99601.44,1494.02,268.92,SETTLED,CUST0155,99601.44,99601.44,PAID,NONE,True,MATCHED
PAY00813,TXN00813,INV00813,2026-07-02,CUST0199,94441.6,INR,NETBANKING,SUCCESS,SET00813,2026-07-04,94441.6,1416.62,254.99,SETTLED,CUST0199,94441.6,94441.6,PAID,NONE,True,MATCHED
PAY00814,TXN00814,INV00814,2026-07-06,CUST0071,73124.02,INR,CARD,SUCCESS,SET00814,2026-07-07,73124.02,1096.86,197.43,SETTLED,CUST0071,73124.02,73124.02,PAID,NONE,True,MATCHED
PAY00815,TXN00815,INV00815,2026-07-20,CUST0219,91018.67,INR,NETBANKING,SUCCESS,SET00815,2026-07-21,91018.67,1365.28,245.75,SETTLED,CUST0219,91018.67,91018.67,PAID,NONE,True,MATCHED
PAY00816,TXN00816,INV00816,2026-08-07,CUST0071,54364.71,INR,CARD,SUCCESS,SET00816,2026-08-10,52924.95,815.47,146.78,SETTLED,CUST0071,54364.71,54364.71,PAID,AMOUNT_MISMATCH,False,EXCEPTION
PAY00817,TXN00817,INV00817,2026-07-09,CUST0269,43291.4,INR,CARD,SUCCESS,SET00817,2026-07-10,43291.4,649.37,116.89,SETTLED,CUST0269,43291.4,43291.4,PAID,NONE,True,MATCHED
PAY00818,TXN00818,INV00818,2026-07-05,CUST0163,55955.36,INR,UPI,SUCCESS,SET00818,2026-07-08,55955.36,839.33,151.08,SETTLED,CUST0163,55955.36,55955.36,PAID,NONE,True,MATCHED
PAY00819,TXN00819,INV00819,2026-08-18,CUST0016,32209.4,INR,WALLET,SUCCESS,SET00819,2026-08-21,32209.4,483.14,86.97,SETTLED,CUST0016,34074.47,32209.4,PAID,INVOICE_MISMATCH,False,EXCEPTION
PAY00820,TXN00820,INV00820,2026-07-10,CUST0141,78021.23,INR,UPI,SUCCESS,SET00820,2026-07-13,78021.23,1170.32,210.66,SETTLED,CUST0141,78021.23,78021.23,PAID,NONE,True,MATCHED
PAY00821,TXN00821,INV00821,2026-08-08,CUST0137,56920.79,INR,CARD,SUCCESS,SET00821,2026-08-11,56920.79,853.81,153.69,SETTLED,CUST0137,56920.79,56920.79,PAID,NONE,True,MATCHED
PAY00822,TXN00822,INV00822,2026-07-23,CUST0014,8407.81,INR,WALLET,SUCCESS,SET00822,2026-07-25,8407.81,126.12,22.7,SETTLED,CUST0014,8407.81,8407.81,PAID,NONE,True,MATCHED
PAY00823,TXN00823,INV00823,2026-07-12,CUST0192,85286.88,INR,WALLET,SUCCESS,SET00823,2026-07-13,85286.88,1279.3,230.27,SETTLED,CUST0192,85286.88,85286.88,PAID,NONE,True,MATCHED
PAY00824,TXN00824,INV00824,2026-07-03,CUST0116,41154.62,INR,UPI,SUCCESS,,,,,,,CUST0116,41154.62,41154.62,PAID,MISSING_SETTLEMENT,False,EXCEPTION
PAY00825,TXN00825,INV00825,2026-08-18,CUST0104,20853.93,INR,CARD,SUCCESS,,,,,,,CUST0104,20853.93,20853.93,PAID,MISSING_SETTLEMENT,False,EXCEPTION
PAY00826,TXN00826,INV00826,2026-08-14,CUST0251,32827.11,INR,WALLET,SUCCESS,SET00826,2026-08-16,31252.3,492.41,88.63,SETTLED,CUST0251,32827.11,32827.11,PAID,AMOUNT_MISMATCH,False,EXCEPTION
PAY00827,TXN00827,INV00827,2026-08-16,CUST0195,31633.3,INR,UPI,SUCCESS,SET00827,2026-08-18,31633.3,474.5,85.41,SETTLED,CUST0195,31633.3,31633.3,PAID,NONE,True,MATCHED
PAY00828,TXN00828,INV00828,2026-07-16,CUST0022,52110.91,INR,WALLET,SUCCESS,SET00828,2026-07-29,52110.91,781.66,140.7,SETTLED,CUST0022,52110.91,52110.91,PAID,DELAYED_SETTLEMENT,False,EXCEPTION
PAY00829,TXN00829,INV00829,2026-08-18,CUST0265,63249.53,INR,UPI,SUCCESS,SET00829,2026-08-20,63249.53,948.74,170.77,SETTLED,CUST0265,63249.53,63249.53,PAID,NONE,True,MATCHED
PAY00830,TXN00830,INV00830,2026-08-19,CUST0156,82848.29,INR,WALLET,SUCCESS,SET00830,2026-08-22,82848.29,1242.72,223.69,SETTLED,CUST0156,82848.29,82848.29,PAID,NONE,True,MATCHED
PAY00831,TXN00831,INV00831,2026-08-14,CUST0028,51938.48,INR,CARD,SUCCESS,SET00831,2026-08-16,51938.48,779.08,140.23,SETTLED,CUST0028,51938.48,51938.48,PAID,NONE,True,MATCHED
PAY00832,TXN00832,INV00832,2026-08-16,CUST0047,50315.45,INR,CARD,SUCCESS,SET00832,2026-08-19,50315.45,754.73,135.85,SETTLED,CUST0047,50315.45,50315.45,PAID,NONE,True,MATCHED
PAY00833,TXN00833,INV00833,2026-07-26,CUST0070,41649.15,INR,WALLET,SUCCESS,SET00833,2026-07-29,41649.15,624.74,112.45,SETTLED,CUST0070,41649.15,41649.15,PAID,NONE,True,MATCHED
PAY00834,TXN00834,INV00834,2026-07-30,CUST0104,9472.88,INR,NETBANKING,SUCCESS,SET00834,2026-07-31,9472.88,142.09,25.58,SETTLED,CUST0104,9472.88,9472.88,PAID,NONE,True,MATCHED
PAY00835,TXN00835,INV00835,2026-07-06,CUST0064,11859.41,INR,WALLET,SUCCESS,SET00835,2026-07-09,11859.41,177.89,32.02,SETTLED,CUST0064,11859.41,11859.41,PAID,NONE,True,MATCHED
PAY00836,TXN00836,INV00836,2026-08-16,CUST0197,79211.13,INR,CARD,SUCCESS,SET00836,2026-08-17,79211.13,1188.17,213.87,SETTLED,CUST0197,79211.13,79211.13,PAID,NONE,True,MATCHED
PAY00837,TXN00837,INV00837,2026-07-22,CUST0088,56766.41,INR,CARD,SUCCESS,SET00837,2026-07-23,56766.41,851.5,153.27,SETTLED,CUST0088,56766.41,56766.41,PAID,NONE,True,MATCHED
PAY00838,TXN00838,INV00838,2026-07-27,CUST0027,31152.19,INR,WALLET,SUCCESS,SET00838,2026-07-28,31152.19,467.28,84.11,SETTLED,CUST0027,31152.19,31152.19,PAID,NONE,True,MATCHED
PAY00839,TXN00839,INV00839,2026-07-13,CUST0068,851.52,INR,NETBANKING,SUCCESS,SET00839,2026-07-15,851.52,12.77,2.3,SETTLED,CUST0068,851.52,851.52,PAID,NONE,True,MATCHED
PAY00840,TXN00840,INV00840,2026-07-01,CUST0279,60994.4,INR,WALLET,SUCCESS,SET00840,2026-07-04,60994.4,914.92,164.69,SETTLED,CUST0279,60994.4,60994.4,PAID,NONE,True,MATCHED
PAY00841,TXN00841,INV00841,2026-07-30,CUST0244,41310.06,INR,UPI,SUCCESS,SET00841,2026-07-31,41310.06,619.65,111.54,SETTLED,CUST0244,41310.06,41310.06,PAID,NONE,True,MATCHED
PAY00842,TXN00842,INV00842,2026-07-18,CUST0281,62166.72,INR,CARD,SUCCESS,SET00842,2026-07-19,62166.72,932.5,167.85,SETTLED,CUST0281,62166.72,62166.72,PAID,NONE,True,MATCHED
PAY00843,TXN00843,INV00843,2026-07-03,CUST0179,14964.75,INR,UPI,SUCCESS,SET00843,2026-07-05,14964.75,224.47,40.4,SETTLED,CUST0179,14964.75,14964.75,PAID,NONE,True,MATCHED
PAY00844,TXN00844,INV00844,2026-07-06,CUST0170,5378.62,INR,WALLET,SUCCESS,SET00844,2026-07-17,5378.62,80.68,14.52,SETTLED,CUST0170,5378.62,5378.62,PAID,DELAYED_SETTLEMENT,False,EXCEPTION
PAY00845,TXN00845,INV00845,2026-08-20,CUST0294,56436.63,INR,WALLET,SUCCESS,SET00845,2026-08-21,56436.63,846.55,152.38,SETTLED,CUST0294,56436.63,56436.63,PAID,NONE,True,MATCHED
PAY00846,TXN00846,INV00846,2026-08-19,CUST0048,30279.8,INR,NETBANKING,SUCCESS,SET00846,2026-08-21,28577.51,454.2,81.76,SETTLED,CUST0048,30279.8,30279.8,PAID,AMOUNT_MISMATCH,False,EXCEPTION
PAY00847,TXN00847,INV00847,2026-07-19,CUST0034,47346.28,INR,UPI,SUCCESS,SET00847,2026-07-21,47346.28,710.19,127.83,SETTLED,CUST0034,47346.28,47346.28,PAID,NONE,True,MATCHED
PAY00848,TXN00848,INV00848,2026-07-27,CUST0270,52702.3,INR,CARD,SUCCESS,SET00848,2026-07-30,52702.3,790.53,142.3,SETTLED,CUST0270,52702.3,52702.3,PAID,NONE,True,MATCHED
PAY00849,TXN00849,INV00849,2026-07-06,CUST0271,48624.47,INR,NETBANKING,SUCCESS,SET00849,2026-07-08,48624.47,729.37,131.29,SETTLED,CUST0271,48624.47,48624.47,PAID,NONE,True,MATCHED
PAY00850,TXN00850,INV00850,2026-08-06,CUST0270,99504.92,INR,NETBANKING,SUCCESS,,,,,,,CUST0270,99504.92,99504.92,PAID,MISSING_SETTLEMENT,False,EXCEPTION
PAY00851,TXN00851,INV00851,2026-08-03,CUST0255,73053.88,INR,WALLET,SUCCESS,SET00851,2026-08-06,73053.88,1095.81,197.25,SETTLED,CUST0255,73053.88,73053.88,PAID,NONE,True,MATCHED
PAY00852,TXN00852,INV00852,2026-08-15,CUST0120,29403.56,INR,CARD,SUCCESS,SET00852,2026-08-17,29403.56,441.05,79.39,SETTLED,CUST0120,29403.56,29403.56,PAID,NONE,True,MATCHED
PAY00853,TXN00853,INV00853,2026-08-17,CUST0061,84882.94,INR,WALLET,SUCCESS,SET00853,2026-08-19,84882.94,1273.24,229.18,SETTLED,CUST0061,84882.94,84882.94,PAID,NONE,True,MATCHED
PAY00854,TXN00854,INV00854,2026-08-10,CUST0287,21627.62,INR,CARD,SUCCESS,SET00854,2026-08-11,21627.62,324.41,58.39,SETTLED,CUST0287,21627.62,21627.62,PAID,NONE,True,MATCHED
PAY00855,TXN00855,INV00855,2026-07-20,CUST0158,50915.62,INR,NETBANKING,SUCCESS,SET00855,2026-07-23,50915.62,763.73,137.47,SETTLED,CUST0158,50915.62,50915.62,PAID,NONE,True,MATCHED
PAY00856,TXN00856,INV00856,2026-07-22,CUST0171,39906.91,INR,UPI,SUCCESS,SET00856,2026-07-24,39906.91,598.6,107.75,SETTLED,CUST0171,39906.91,39906.91,PAID,NONE,True,MATCHED
PAY00857,TXN00857,INV00857,2026-08-13,CUST0174,48171.27,INR,WALLET,SUCCESS,SET00857,2026-08-14,48171.27,722.57,130.06,SETTLED,CUST0174,48171.27,48171.27,PAID,NONE,True,MATCHED
PAY00858,TXN00858,INV00858,2026-07-10,CUST0247,62906.45,INR,NETBANKING,SUCCESS,SET00858,2026-07-13,62906.45,943.6,169.85,SETTLED,CUST0247,62906.45,62906.45,PAID,NONE,True,MATCHED
PAY00859,TXN00859,INV00859,2026-08-03,CUST0029,30284.7,INR,NETBANKING,SUCCESS,SET00859,2026-08-04,30284.7,454.27,81.77,SETTLED,CUST0029,30284.7,30284.7,PAID,NONE,True,MATCHED
PAY00860,TXN00860,INV00860,2026-08-13,CUST0296,33506.07,INR,NETBANKING,SUCCESS,SET00860,2026-08-15,33506.07,502.59,90.47,SETTLED,CUST0296,33506.07,33506.07,PAID,NONE,True,MATCHED
PAY00861,TXN00861,INV00861,2026-07-22,CUST0016,98370.07,INR,CARD,SUCCESS,SET00861,2026-07-23,98370.07,1475.55,265.6,SETTLED,CUST0016,98370.07,98370.07,PAID,NONE,True,MATCHED
PAY00862,TXN00862,INV00862,2026-08-20,CUST0060,75278.25,INR,NETBANKING,SUCCESS,SET00862,2026-08-22,75278.25,1129.17,203.25,SETTLED,CUST0060,75278.25,75278.25,PAID,NONE,True,MATCHED
PAY00863,TXN00863,INV00863,2026-08-01,CUST0045,87766.35,INR,NETBANKING,SUCCESS,SET00863,2026-08-02,87766.35,1316.5,236.97,SETTLED,CUST0045,87766.35,87766.35,PAID,NONE,True,MATCHED
PAY00864,TXN00864,INV00864,2026-07-20,CUST0269,17913.77,INR,NETBANKING,SUCCESS,SET00864,2026-07-21,17913.77,268.71,48.37,SETTLED,CUST0269,17913.77,17913.77,PAID,NONE,True,MATCHED
PAY00865,TXN00865,INV00865,2026-08-02,CUST0228,2981.01,INR,WALLET,SUCCESS,,,,,,,CUST0228,2981.01,2981.01,PAID,MISSING_SETTLEMENT,False,EXCEPTION
PAY00866,TXN00866,INV00866,2026-07-31,CUST0175,73377.89,INR,NETBANKING,SUCCESS,SET00866,2026-08-01,73377.89,1100.67,198.12,SETTLED,CUST0175,73377.89,73377.89,PAID,NONE,True,MATCHED
PAY00867,TXN00867,INV00867,2026-08-13,CUST0265,99275.67,INR,CARD,SUCCESS,SET00867,2026-08-15,99275.67,1489.14,268.05,SETTLED,CUST0265,99275.67,99275.67,PAID,NONE,True,MATCHED
PAY00868,TXN00868,INV00868,2026-07-08,CUST0268,908.93,INR,UPI,SUCCESS,SET00868,2026-07-09,908.93,13.63,2.45,SETTLED,CUST0268,908.93,908.93,PAID,NONE,True,MATCHED
PAY00869,TXN00869,INV00869,2026-07-30,CUST0171,88973.99,INR,UPI,SUCCESS,SET00869,2026-08-02,88973.99,1334.61,240.23,SETTLED,CUST0171,88973.99,88973.99,PAID,NONE,True,MATCHED
PAY00870,TXN00870,INV00870,2026-07-02,CUST0160,57967.2,INR,NETBANKING,SUCCESS,SET00870,2026-07-04,57967.2,869.51,156.51,SETTLED,CUST0160,57967.2,57967.2,PAID,NONE,True,MATCHED
PAY00871,TXN00871,INV00871,2026-07-13,CUST0103,29013.45,INR,NETBANKING,SUCCESS,SET00871,2026-07-14,29013.45,435.2,78.34,SETTLED,CUST0103,29013.45,29013.45,PAID,NONE,True,MATCHED
PAY00872,TXN00872,INV00872,2026-07-10,CUST0140,16170.85,INR,UPI,SUCCESS,SET00872,2026-07-13,16170.85,242.56,43.66,SETTLED,CUST0140,16170.85,16170.85,PAID,NONE,True,MATCHED
PAY00873,TXN00873,INV00873,2026-07-07,CUST0264,21054.45,INR,NETBANKING,SUCCESS,SET00873,2026-07-08,21054.45,315.82,56.85,SETTLED,CUST0264,21054.45,21054.45,PAID,NONE,True,MATCHED
PAY00874,TXN00874,INV00874,2026-08-06,CUST0146,24860.09,INR,UPI,SUCCESS,SET00874,2026-08-09,24860.09,372.9,67.12,SETTLED,CUST0146,24860.09,24860.09,PAID,NONE,True,MATCHED
PAY00875,TXN00875,INV00875,2026-07-04,CUST0228,13442.36,INR,WALLET,SUCCESS,,,,,,,CUST0228,13442.36,13442.36,PAID,MISSING_SETTLEMENT,False,EXCEPTION
PAY00876,TXN00876,INV00876,2026-07-04,CUST0197,9068.9,INR,WALLET,SUCCESS,SET00876,2026-07-07,9068.9,136.03,24.49,SETTLED,CUST0197,9068.9,9068.9,PAID,NONE,True,MATCHED
PAY00877,TXN00877,INV00877,2026-08-09,CUST0229,35884.62,INR,NETBANKING,SUCCESS,SET00877,2026-08-12,35884.62,538.27,96.89,SETTLED,CUST0229,35884.62,35884.62,PAID,NONE,True,MATCHED
PAY00878,TXN00878,INV00878,2026-07-06,CUST0274,97381.35,INR,WALLET,SUCCESS,SET00878,2026-07-09,97381.35,1460.72,262.93,SETTLED,CUST0274,97381.35,97381.35,PAID,NONE,True,MATCHED
PAY00879,TXN00879,INV00879,2026-07-07,CUST0240,45830.62,INR,WALLET,SUCCESS,SET00879,2026-07-08,45830.62,687.46,123.74,SETTLED,CUST0240,45830.62,45830.62,PAID,NONE,True,MATCHED
PAY00880,TXN00880,INV00880,2026-07-24,CUST0133,39511.65,INR,NETBANKING,SUCCESS,SET00880,2026-07-26,39511.65,592.67,106.68,SETTLED,CUST0133,39511.65,39511.65,PAID,NONE,True,MATCHED
PAY00881,TXN00881,INV00881,2026-07-02,CUST0250,7003.84,INR,UPI,SUCCESS,SET00881,2026-07-03,7003.84,105.06,18.91,SETTLED,CUST0250,7003.84,7003.84,PAID,NONE,True,MATCHED
PAY00882,TXN00882,INV00882,2026-08-19,CUST0145,35187.24,INR,CARD,SUCCESS,SET00882,2026-08-22,35187.24,527.81,95.01,SETTLED,CUST0145,35187.24,35187.24,PAID,NONE,True,MATCHED
PAY00883,TXN00883,INV00883,2026-07-21,CUST0055,55836.91,INR,UPI,SUCCESS,SET00883,2026-07-23,55836.91,837.55,150.76,SETTLED,CUST0055,55836.91,55836.91,PAID,NONE,True,MATCHED
PAY00884,TXN00884,INV00884,2026-08-07,CUST0206,41637.47,INR,CARD,SUCCESS,SET00884,2026-08-09,41637.47,624.56,112.42,SETTLED,CUST0206,41637.47,41637.47,PAID,NONE,True,MATCHED
PAY00885,TXN00885,INV00885,2026-07-22,CUST0034,21219.7,INR,WALLET,SUCCESS,SET00885,2026-07-25,21219.7,318.3,57.29,SETTLED,CUST0034,21219.7,21219.7,PAID,NONE,True,MATCHED
PAY00886,TXN00886,INV00886,2026-08-04,CUST0176,69566.25,INR,CARD,SUCCESS,SET00886,2026-08-07,69566.25,1043.49,187.83,SETTLED,CUST0176,69566.25,69566.25,PAID,NONE,True,MATCHED
PAY00887,TXN00887,INV00887,2026-08-01,CUST0294,11875.12,INR,WALLET,SUCCESS,SET00887,2026-08-03,11875.12,178.13,32.06,SETTLED,CUST0294,11875.12,11875.12,PAID,NONE,True,MATCHED
PAY00888,TXN00888,INV00888,2026-07-20,CUST0091,95610.4,INR,UPI,SUCCESS,SET00888,2026-07-23,95610.4,1434.16,258.15,SETTLED,CUST0091,95610.4,95610.4,PAID,NONE,True,MATCHED
PAY00889,TXN00889,INV00889,2026-07-21,CUST0195,49682.37,INR,UPI,SUCCESS,SET00889,2026-07-24,49682.37,745.24,134.14,SETTLED,CUST0195,49682.37,49682.37,PAID,NONE,True,MATCHED
PAY00890,TXN00890,INV00890,2026-08-18,CUST0001,15099.17,INR,CARD,SUCCESS,SET00890,2026-08-20,15099.17,226.49,40.77,SETTLED,CUST0001,15099.17,15099.17,PAID,NONE,True,MATCHED
PAY00891,TXN00891,INV00891,2026-07-29,CUST0296,19968.83,INR,NETBANKING,SUCCESS,SET00891,2026-07-31,19968.83,299.53,53.92,SETTLED,CUST0296,19968.83,19968.83,PAID,NONE,True,MATCHED
PAY00892,TXN00892,INV00892,2026-08-15,CUST0223,98266.74,INR,NETBANKING,SUCCESS,SET00892,2026-08-30,98266.74,1474.0,265.32,SETTLED,CUST0223,98266.74,98266.74,PAID,DELAYED_SETTLEMENT,False,EXCEPTION
PAY00893,TXN00893,INV00893,2026-07-09,CUST0207,85324.27,INR,UPI,SUCCESS,SET00893,2026-07-10,85324.27,1279.86,230.37,SETTLED,CUST0207,85324.27,85324.27,PAID,NONE,True,MATCHED
PAY00894,TXN00894,INV00894,2026-08-15,CUST0001,56223.01,INR,NETBANKING,SUCCESS,SET00894,2026-08-16,56223.01,843.35,151.8,SETTLED,CUST0001,56223.01,56223.01,PAID,NONE,True,MATCHED
PAY00895,TXN00895,INV00895,2026-07-28,CUST0121,70371.08,INR,WALLET,SUCCESS,SET00895,2026-07-30,70371.08,1055.57,190.0,SETTLED,CUST0121,70371.08,70371.08,PAID,NONE,True,MATCHED
PAY00896,TXN00896,INV00896,2026-07-25,CUST0208,43801.41,INR,CARD,SUCCESS,SET00896,2026-07-26,43801.41,657.02,118.26,SETTLED,CUST0208,43801.41,43801.41,PAID,NONE,True,MATCHED
PAY00897,TXN00897,INV00897,2026-08-05,CUST0097,38767.21,INR,NETBANKING,SUCCESS,SET00897,2026-08-07,38767.21,581.51,104.67,SETTLED,CUST0097,38767.21,38767.21,PAID,NONE,True,MATCHED
PAY00898,TXN00898,INV00898,2026-07-09,CUST0065,1654.47,INR,UPI,SUCCESS,SET00898,2026-07-12,1654.47,24.82,4.47,SETTLED,CUST0065,1654.47,1654.47,PAID,NONE,True,MATCHED
PAY00899,TXN00899,INV00899,2026-07-09,CUST0224,8924.01,INR,WALLET,SUCCESS,SET00899,2026-07-12,7056.42,133.86,24.09,SETTLED,CUST0224,8924.01,8924.01,PAID,AMOUNT_MISMATCH,False,EXCEPTION
PAY00900,TXN00900,INV00900,2026-07-30,CUST0093,51186.78,INR,WALLET,SUCCESS,SET00900,2026-07-31,51186.78,767.8,138.2,SETTLED,CUST0093,51186.78,51186.78,PAID,NONE,True,MATCHED
PAY00901,TXN00901,INV00901,2026-08-08,CUST0218,1239.28,INR,WALLET,SUCCESS,SET00901,2026-08-11,1239.28,18.59,3.35,SETTLED,CUST0218,1239.28,1239.28,PAID,NONE,True,MATCHED
PAY00902,TXN00902,INV00902,2026-07-18,CUST0257,41378.36,INR,NETBANKING,SUCCESS,SET00902,2026-07-21,41378.36,620.68,111.72,SETTLED,CUST0257,41378.36,41378.36,PAID,NONE,True,MATCHED
PAY00903,TXN00903,INV00903,2026-08-15,CUST0248,37173.57,INR,WALLET,SUCCESS,SET00903,2026-08-18,37173.57,557.6,100.37,SETTLED,CUST0248,38033.85,37173.57,PAID,INVOICE_MISMATCH,False,EXCEPTION
PAY00904,TXN00904,INV00904,2026-08-18,CUST0270,77997.55,INR,WALLET,SUCCESS,SET00904,2026-08-21,77997.55,1169.96,210.59,SETTLED,CUST0270,77997.55,77997.55,PAID,NONE,True,MATCHED
PAY00905,TXN00905,INV00905,2026-07-16,CUST0046,47508.93,INR,UPI,SUCCESS,SET00905,2026-07-19,47508.93,712.63,128.27,SETTLED,CUST0046,47508.93,47508.93,PAID,NONE,True,MATCHED
PAY00906,TXN00906,INV00906,2026-08-09,CUST0160,5751.04,INR,NETBANKING,SUCCESS,SET00906,2026-08-11,5751.04,86.27,15.53,SETTLED,CUST0160,5751.04,5751.04,PAID,NONE,True,MATCHED
PAY00907,TXN00907,INV00907,2026-08-02,CUST0233,90652.48,INR,NETBANKING,SUCCESS,SET00907,2026-08-04,90652.48,1359.79,244.76,SETTLED,CUST0233,90652.48,90652.48,PAID,NONE,True,MATCHED
PAY00908,TXN00908,INV00908,2026-07-03,CUST0086,69657.59,INR,NETBANKING,SUCCESS,SET00908,2026-07-05,69657.59,1044.86,188.07,SETTLED,CUST0086,69657.59,69657.59,PAID,NONE,True,MATCHED
PAY00909,TXN00909,INV00909,2026-08-10,CUST0032,47579.47,INR,CARD,SUCCESS,SET00909,2026-08-12,47579.47,713.69,128.46,SETTLED,CUST0032,47579.47,47579.47,PAID,NONE,True,MATCHED
PAY00910,TXN00910,INV00910,2026-07-19,CUST0014,48733.64,INR,CARD,SUCCESS,SET00910,2026-07-21,48733.64,731.0,131.58,SETTLED,CUST0014,48733.64,48733.64,PAID,NONE,True,MATCHED
PAY00911,TXN00911,INV00911,2026-08-09,CUST0068,28456.71,INR,NETBANKING,SUCCESS,SET00911,2026-08-12,28456.71,426.85,76.83,SETTLED,CUST0068,28456.71,28456.71,PAID,NONE,True,MATCHED
PAY00912,TXN00912,INV00912,2026-08-07,CUST0090,74027.24,INR,WALLET,SUCCESS,SET00912,2026-08-09,74027.24,1110.41,199.87,SETTLED,CUST0090,74027.24,74027.24,PAID,NONE,True,MATCHED
PAY00913,TXN00913,INV00913,2026-08-01,CUST0121,18490.51,INR,UPI,SUCCESS,SET00913,2026-08-02,18490.51,277.36,49.92,SETTLED,CUST0121,18490.51,18490.51,PAID,NONE,True,MATCHED
PAY00914,TXN00914,INV00914,2026-08-01,CUST0079,75399.75,INR,WALLET,SUCCESS,SET00914,2026-08-04,75399.75,1131.0,203.58,SETTLED,CUST0079,75399.75,75399.75,PAID,NONE,True,MATCHED
PAY00915,TXN00915,INV00915,2026-08-16,CUST0226,63938.68,INR,CARD,SUCCESS,SET00915,2026-08-17,63938.68,959.08,172.63,SETTLED,CUST0226,63938.68,63938.68,PAID,NONE,True,MATCHED
PAY00916,TXN00916,INV00916,2026-08-18,CUST0136,82043.34,INR,UPI,SUCCESS,SET00916,2026-08-20,82043.34,1230.65,221.52,SETTLED,CUST0136,82043.34,82043.34,PAID,NONE,True,MATCHED
PAY00917,TXN00917,INV00917,2026-07-31,CUST0155,74741.98,INR,CARD,SUCCESS,SET00917,2026-08-02,74741.98,1121.13,201.8,SETTLED,CUST0155,74741.98,74741.98,PAID,NONE,True,MATCHED
PAY00918,TXN00918,INV00918,2026-07-17,CUST0243,14942.41,INR,WALLET,SUCCESS,SET00918,2026-07-19,14942.41,224.14,40.35,SETTLED,CUST0243,14942.41,14942.41,PAID,NONE,True,MATCHED
PAY00919,TXN00919,INV00919,2026-08-03,CUST0162,68446.19,INR,UPI,SUCCESS,SET00919,2026-08-06,68446.19,1026.69,184.8,SETTLED,CUST0162,68446.19,68446.19,PAID,NONE,True,MATCHED
PAY00920,TXN00920,INV00920,2026-07-28,CUST0182,61243.31,INR,NETBANKING,SUCCESS,SET00920,2026-07-29,61243.31,918.65,165.36,SETTLED,CUST0182,61243.31,61243.31,PAID,NONE,True,MATCHED
PAY00921,TXN00921,INV00921,2026-08-11,CUST0131,58625.59,INR,WALLET,SUCCESS,SET00921,2026-08-12,58625.59,879.38,158.29,SETTLED,CUST0131,58625.59,58625.59,PAID,NONE,True,MATCHED
PAY00922,TXN00922,INV00922,2026-08-03,CUST0100,34071.96,INR,CARD,SUCCESS,SET00922,2026-08-06,34071.96,511.08,91.99,SETTLED,CUST0100,34071.96,34071.96,PAID,NONE,True,MATCHED
PAY00923,TXN00923,INV00923,2026-07-05,CUST0005,1690.16,INR,UPI,SUCCESS,SET00923,2026-07-07,1690.16,25.35,4.56,SETTLED,CUST0005,1690.16,1690.16,PAID,NONE,True,MATCHED
PAY00924,TXN00924,INV00924,2026-07-15,CUST0180,72662.44,INR,NETBANKING,SUCCESS,SET00924,2026-07-18,72662.44,1089.94,196.19,SETTLED,CUST0180,72662.44,72662.44,PAID,NONE,True,MATCHED
PAY00925,TXN00925,INV00925,2026-07-04,CUST0048,93881.29,INR,CARD,SUCCESS,SET00925,2026-07-05,93881.29,1408.22,253.48,SETTLED,CUST0048,97252.66,93881.29,PAID,INVOICE_MISMATCH,False,EXCEPTION
PAY00926,TXN00926,INV00926,2026-08-08,CUST0045,13425.77,INR,CARD,SUCCESS,SET00926,2026-08-09,12844.43,201.39,36.25,SETTLED,CUST0045,13425.77,13425.77,PAID,AMOUNT_MISMATCH,False,EXCEPTION
PAY00927,TXN00927,INV00927,2026-08-12,CUST0240,93650.11,INR,WALLET,SUCCESS,,,,,,,CUST0240,93650.11,93650.11,PAID,MISSING_SETTLEMENT,False,EXCEPTION
PAY00928,TXN00928,INV00928,2026-07-17,CUST0166,16615.62,INR,UPI,SUCCESS,SET00928,2026-07-19,16615.62,249.23,44.86,SETTLED,CUST0166,16615.62,16615.62,PAID,NONE,True,MATCHED
PAY00929,TXN00929,INV00929,2026-07-22,CUST0199,99597.88,INR,NETBANKING,SUCCESS,SET00929,2026-07-23,99597.88,1493.97,268.91,SETTLED,CUST0199,101288.87,99597.88,PAID,INVOICE_MISMATCH,False,EXCEPTION
PAY00930,TXN00930,INV00930,2026-07-13,CUST0252,61225.04,INR,CARD,SUCCESS,SET00930,2026-07-14,61225.04,918.38,165.31,SETTLED,CUST0252,61225.04,61225.04,PAID,NONE,True,MATCHED
PAY00931,TXN00931,INV00931,2026-08-19,CUST0277,43409.73,INR,UPI,SUCCESS,,,,,,,CUST0277,43409.73,43409.73,PAID,MISSING_SETTLEMENT,False,EXCEPTION
PAY00932,TXN00932,INV00932,2026-07-03,CUST0053,7755.49,INR,NETBANKING,SUCCESS,SET00932,2026-07-05,7755.49,116.33,20.94,SETTLED,CUST0053,7755.49,7755.49,PAID,NONE,True,MATCHED
PAY00933,TXN00933,INV00933,2026-08-11,CUST0077,64213.36,INR,UPI,SUCCESS,SET00933,2026-08-12,64213.36,963.2,173.38,SETTLED,CUST0077,64213.36,64213.36,PAID,NONE,True,MATCHED
PAY00934,TXN00934,INV00934,2026-07-26,CUST0169,57676.71,INR,WALLET,SUCCESS,SET00934,2026-07-29,57676.71,865.15,155.73,SETTLED,CUST0169,57676.71,57676.71,PAID,NONE,True,MATCHED
PAY00935,TXN00935,INV00935,2026-08-04,CUST0036,22971.76,INR,WALLET,SUCCESS,SET00935,2026-08-05,22971.76,344.58,62.02,SETTLED,CUST0036,27152.65,22971.76,PAID,INVOICE_MISMATCH,False,EXCEPTION
PAY00936,TXN00936,INV00936,2026-08-04,CUST0291,93536.7,INR,NETBANKING,SUCCESS,SET00936,2026-08-06,93536.7,1403.05,252.55,SETTLED,CUST0291,93536.7,93536.7,PAID,NONE,True,MATCHED
PAY00937,TXN00937,INV00937,2026-08-10,CUST0029,99703.07,INR,UPI,SUCCESS,SET00937,2026-08-11,99703.07,1495.55,269.2,SETTLED,CUST0029,99703.07,99703.07,PAID,NONE,True,MATCHED
PAY00938,TXN00938,INV00938,2026-08-18,CUST0236,76767.55,INR,CARD,SUCCESS,SET00938,2026-08-20,76767.55,1151.51,207.27,SETTLED,CUST0236,76767.55,76767.55,PAID,NONE,True,MATCHED
PAY00939,TXN00939,INV00939,2026-07-20,CUST0098,69740.29,INR,UPI,SUCCESS,SET00939,2026-07-22,69740.29,1046.1,188.3,SETTLED,CUST0098,69740.29,69740.29,PAID,NONE,True,MATCHED
PAY00940,TXN00940,INV00940,2026-08-10,CUST0044,44079.38,INR,CARD,SUCCESS,SET00940,2026-08-11,44079.38,661.19,119.01,SETTLED,CUST0044,44079.38,44079.38,PAID,NONE,True,MATCHED
PAY00941,TXN00941,INV00941,2026-08-01,CUST0123,39182.37,INR,NETBANKING,SUCCESS,SET00941,2026-08-02,39182.37,587.74,105.79,SETTLED,CUST0123,39182.37,39182.37,PAID,NONE,True,MATCHED
PAY00942,TXN00942,INV00942,2026-07-22,CUST0019,6077.42,INR,UPI,SUCCESS,SET00942,2026-07-25,6077.42,91.16,16.41,SETTLED,CUST0019,6077.42,6077.42,PAID,NONE,True,MATCHED
PAY00943,TXN00943,INV00943,2026-07-30,CUST0268,94038.93,INR,CARD,SUCCESS,SET00943,2026-07-31,94038.93,1410.58,253.9,SETTLED,CUST0268,94038.93,94038.93,PAID,NONE,True,MATCHED
PAY00944,TXN00944,INV00944,2026-08-17,CUST0019,14588.25,INR,UPI,SUCCESS,SET00944,2026-08-18,14588.25,218.82,39.39,SETTLED,CUST0019,14588.25,14588.25,PAID,NONE,True,MATCHED
PAY00945,TXN00945,INV00945,2026-08-14,CUST0125,65054.25,INR,UPI,SUCCESS,SET00945,2026-08-16,65054.25,975.81,175.65,SETTLED,CUST0125,65054.25,65054.25,PAID,NONE,True,MATCHED
PAY00946,TXN00946,INV00946,2026-07-30,CUST0050,61316.98,INR,UPI,SUCCESS,SET00946,2026-07-31,61316.98,919.75,165.56,SETTLED,CUST0050,61316.98,61316.98,PAID,NONE,True,MATCHED
PAY00947,TXN00947,INV00947,2026-08-08,CUST0255,80017.93,INR,CARD,SUCCESS,SET00947,2026-08-10,80017.93,1200.27,216.05,SETTLED,CUST0255,80017.93,80017.93,PAID,NONE,True,MATCHED
PAY00948,TXN00948,INV00948,2026-08-17,CUST0173,68000.58,INR,NETBANKING,SUCCESS,SET00948,2026-08-20,68000.58,1020.01,183.6,SETTLED,CUST0173,68000.58,68000.58,PAID,NONE,True,MATCHED
PAY00949,TXN00949,INV00949,2026-07-09,CUST0280,32498.19,INR,CARD,SUCCESS,SET00949,2026-07-10,32498.19,487.47,87.74,SETTLED,CUST0280,32498.19,32498.19,PAID,NONE,True,MATCHED
PAY00950,TXN00950,INV00950,2026-07-05,CUST0172,12514.18,INR,CARD,SUCCESS,SET00950,2026-07-08,12514.18,187.71,33.79,SETTLED,CUST0172,12514.18,12514.18,PAID,NONE,True,MATCHED
PAY00951,TXN00951,INV00951,2026-08-05,CUST0190,16918.11,INR,CARD,SUCCESS,,,,,,,CUST0190,16918.11,16918.11,PAID,MISSING_SETTLEMENT,False,EXCEPTION
PAY00952,TXN00952,INV00952,2026-08-20,CUST0052,84812.99,INR,WALLET,SUCCESS,SET00952,2026-08-22,84812.99,1272.19,228.99,SETTLED,CUST0052,84812.99,84812.99,PAID,NONE,True,MATCHED
PAY00953,TXN00953,INV00953,2026-07-01,CUST0042,1218.79,INR,UPI,SUCCESS,SET00953,2026-07-03,1218.79,18.28,3.29,SETTLED,CUST0042,1218.79,1218.79,PAID,NONE,True,MATCHED
PAY00954,TXN00954,INV00954,2026-08-14,CUST0214,80837.47,INR,WALLET,SUCCESS,SET00954,2026-08-15,80837.47,1212.56,218.26,SETTLED,CUST0214,80837.47,80837.47,PAID,NONE,True,MATCHED
PAY00955,TXN00955,INV00955,2026-08-03,CUST0139,45316.7,INR,CARD,SUCCESS,SET00955,2026-08-06,45316.7,679.75,122.35,SETTLED,CUST0139,45316.7,45316.7,PAID,DUPLICATE_PAYMENT,False,EXCEPTION
PAY00955_DUP,TXN00955_DUP,INV00955,2026-08-03,CUST0139,45316.7,INR,CARD,SUCCESS,,,,,,,CUST0139,45316.7,45316.7,PAID,MISSING_SETTLEMENT;DUPLICATE_PAYMENT,False,EXCEPTION
PAY00956,TXN00956,INV00956,2026-08-08,CUST0020,18410.05,INR,WALLET,SUCCESS,SET00956,2026-08-11,18410.05,276.15,49.71,SETTLED,CUST0020,18410.05,18410.05,PAID,NONE,True,MATCHED
PAY00957,TXN00957,INV00957,2026-07-23,CUST0155,42169.19,INR,CARD,SUCCESS,SET00957,2026-07-24,42169.19,632.54,113.86,SETTLED,CUST0155,42169.19,42169.19,PAID,NONE,True,MATCHED
PAY00958,TXN00958,INV00958,2026-08-18,CUST0186,98684.82,INR,CARD,SUCCESS,SET00958,2026-08-21,98684.82,1480.27,266.45,SETTLED,CUST0186,98684.82,98684.82,PAID,NONE,True,MATCHED
PAY00959,TXN00959,INV00959,2026-07-18,CUST0107,5780.37,INR,UPI,SUCCESS,SET00959,2026-07-20,5780.37,86.71,15.61,SETTLED,CUST0107,5780.37,5780.37,PAID,NONE,True,MATCHED
PAY00960,TXN00960,INV00960,2026-07-12,CUST0255,16396.08,INR,UPI,SUCCESS,SET00960,2026-07-14,16396.08,245.94,44.27,SETTLED,CUST0255,16396.08,16396.08,PAID,NONE,True,MATCHED
PAY00961,TXN00961,INV00961,2026-07-28,CUST0108,25512.49,INR,WALLET,SUCCESS,SET00961,2026-07-29,25512.49,382.69,68.88,SETTLED,CUST0108,25512.49,25512.49,PAID,NONE,True,MATCHED
PAY00962,TXN00962,INV00962,2026-07-12,CUST0276,16225.54,INR,UPI,SUCCESS,SET00962,2026-07-13,16225.54,243.38,43.81,SETTLED,CUST0276,16225.54,16225.54,PAID,NONE,True,MATCHED
PAY00963,TXN00963,INV00963,2026-08-16,CUST0121,44759.68,INR,NETBANKING,SUCCESS,SET00963,2026-08-19,44759.68,671.4,120.85,SETTLED,CUST0121,44759.68,44759.68,PAID,NONE,True,MATCHED
PAY00964,TXN00964,INV00964,2026-07-15,CUST0167,78008.04,INR,NETBANKING,SUCCESS,SET00964,2026-07-18,78008.04,1170.12,210.62,SETTLED,CUST0167,78008.04,78008.04,PAID,NONE,True,MATCHED
PAY00965,TXN00965,INV00965,2026-07-13,CUST0212,37865.47,INR,CARD,SUCCESS,SET00965,2026-07-15,37865.47,567.98,102.24,SETTLED,CUST0212,37865.47,37865.47,PAID,NONE,True,MATCHED
PAY00966,TXN00966,INV00966,2026-07-28,CUST0028,14921.66,INR,WALLET,SUCCESS,SET00966,2026-07-29,14921.66,223.82,40.29,SETTLED,CUST0028,14921.66,14921.66,PAID,NONE,True,MATCHED
PAY00967,TXN00967,INV00967,2026-08-16,CUST0235,19818.41,INR,NETBANKING,SUCCESS,SET00967,2026-08-17,19818.41,297.28,53.51,SETTLED,CUST0235,21228.36,19818.41,PAID,INVOICE_MISMATCH,False,EXCEPTION
PAY00968,TXN00968,INV00968,2026-07-04,CUST0292,28420.11,INR,UPI,SUCCESS,SET00968,2026-07-06,27994.83,426.3,76.73,SETTLED,CUST0292,28420.11,28420.11,PAID,AMOUNT_MISMATCH,False,EXCEPTION
PAY00969,TXN00969,INV00969,2026-07-15,CUST0176,88697.69,INR,CARD,SUCCESS,SET00969,2026-07-18,88697.69,1330.47,239.48,SETTLED,CUST0176,88697.69,88697.69,PAID,NONE,True,MATCHED
PAY00970,TXN00970,INV00970,2026-08-06,CUST0088,97028.52,INR,CARD,SUCCESS,SET00970,2026-08-08,97028.52,1455.43,261.98,SETTLED,CUST0088,97028.52,97028.52,PAID,NONE,True,MATCHED
PAY00971,TXN00971,INV00971,2026-08-07,CUST0111,47612.15,INR,WALLET,SUCCESS,SET00971,2026-08-09,47612.15,714.18,128.55,SETTLED,CUST0111,47612.15,47612.15,PAID,NONE,True,MATCHED
PAY00972,TXN00972,INV00972,2026-07-16,CUST0127,33065.95,INR,CARD,SUCCESS,SET00972,2026-07-17,31229.82,495.99,89.28,SETTLED,CUST0127,33065.95,33065.95,PAID,AMOUNT_MISMATCH,False,EXCEPTION
PAY00973,TXN00973,INV00973,2026-07-27,CUST0003,98028.31,INR,UPI,SUCCESS,SET00973,2026-08-03,98028.31,1470.42,264.68,SETTLED,CUST0003,98028.31,98028.31,PAID,DELAYED_SETTLEMENT,False,EXCEPTION
PAY00974,TXN00974,INV00974,2026-08-03,CUST0218,39734.86,INR,UPI,SUCCESS,SET00974,2026-08-04,39734.86,596.02,107.28,SETTLED,CUST0218,39734.86,39734.86,PAID,NONE,True,MATCHED
PAY00975,TXN00975,INV00975,2026-08-18,CUST0286,1736.09,INR,WALLET,SUCCESS,SET00975,2026-08-20,1736.09,26.04,4.69,SETTLED,CUST0286,1736.09,1736.09,PAID,DUPLICATE_PAYMENT,False,EXCEPTION
PAY00975_DUP,TXN00975_DUP,INV00975,2026-08-18,CUST0286,1736.09,INR,WALLET,SUCCESS,,,,,,,CUST0286,1736.09,1736.09,PAID,MISSING_SETTLEMENT;DUPLICATE_PAYMENT,False,EXCEPTION
PAY00976,TXN00976,INV00976,2026-07-16,CUST0152,64940.2,INR,UPI,SUCCESS,SET00976,2026-07-18,64940.2,974.1,175.34,SETTLED,CUST0152,64940.2,64940.2,PAID,NONE,True,MATCHED
PAY00977,TXN00977,INV00977,2026-08-15,CUST0083,46198.64,INR,UPI,SUCCESS,SET00977,2026-08-18,46198.64,692.98,124.74,SETTLED,CUST0083,48785.56,46198.64,PAID,INVOICE_MISMATCH,False,EXCEPTION
PAY00978,TXN00978,INV00978,2026-07-12,CUST0208,79090.94,INR,NETBANKING,SUCCESS,SET00978,2026-07-15,79090.94,1186.36,213.54,SETTLED,CUST0208,79090.94,79090.94,PAID,NONE,True,MATCHED
PAY00979,TXN00979,INV00979,2026-08-10,CUST0001,7534.51,INR,NETBANKING,SUCCESS,SET00979,2026-08-12,7534.51,113.02,20.34,SETTLED,CUST0001,7534.51,7534.51,PAID,NONE,True,MATCHED
PAY00980,TXN00980,INV00980,2026-08-14,CUST0139,94636.5,INR,CARD,SUCCESS,SET00980,2026-08-17,94636.5,1419.55,255.52,SETTLED,CUST0139,94636.5,94636.5,PAID,NONE,True,MATCHED
PAY00981,TXN00981,INV00981,2026-08-17,CUST0172,93258.2,INR,NETBANKING,SUCCESS,SET00981,2026-08-19,92463.58,1398.87,251.8,SETTLED,CUST0172,93258.2,93258.2,PAID,AMOUNT_MISMATCH,False,EXCEPTION
PAY00982,TXN00982,INV00982,2026-07-24,CUST0021,36960.08,INR,UPI,SUCCESS,SET00982,2026-07-25,36960.08,554.4,99.79,SETTLED,CUST0021,36960.08,36960.08,PAID,NONE,True,MATCHED
PAY00983,TXN00983,INV00983,2026-07-16,CUST0172,54193.57,INR,WALLET,SUCCESS,SET00983,2026-07-19,54193.57,812.9,146.32,SETTLED,CUST0172,54193.57,54193.57,PAID,NONE,True,MATCHED
PAY00984,TXN00984,INV00984,2026-08-18,CUST0108,74629.16,INR,CARD,SUCCESS,SET00984,2026-08-21,74629.16,1119.44,201.5,SETTLED,CUST0108,74629.16,74629.16,PAID,NONE,True,MATCHED
PAY00985,TXN00985,INV00985,2026-07-18,CUST0217,5918.77,INR,NETBANKING,SUCCESS,SET00985,2026-07-21,5918.77,88.78,15.98,SETTLED,CUST0217,5918.77,5918.77,PAID,NONE,True,MATCHED
PAY00986,TXN00986,INV00986,2026-07-08,CUST0270,47281.3,INR,NETBANKING,SUCCESS,SET00986,2026-07-11,47281.3,709.22,127.66,SETTLED,CUST0270,47281.3,47281.3,PAID,NONE,True,MATCHED
PAY00987,TXN00987,INV00987,2026-07-13,CUST0034,89244.37,INR,WALLET,SUCCESS,SET00987,2026-07-14,89244.37,1338.67,240.96,SETTLED,CUST0034,89244.37,89244.37,PAID,NONE,True,MATCHED
PAY00988,TXN00988,INV00988,2026-07-05,CUST0148,11381.81,INR,NETBANKING,SUCCESS,SET00988,2026-07-07,11381.81,170.73,30.73,SETTLED,CUST0148,11381.81,11381.81,PAID,NONE,True,MATCHED
PAY00989,TXN00989,INV00989,2026-07-14,CUST0078,52308.42,INR,UPI,SUCCESS,SET00989,2026-07-17,52308.42,784.63,141.23,SETTLED,CUST0078,52308.42,52308.42,PAID,NONE,True,MATCHED
PAY00990,TXN00990,INV00990,2026-07-31,CUST0068,34996.67,INR,WALLET,SUCCESS,SET00990,2026-08-02,34996.67,524.95,94.49,SETTLED,CUST0068,34996.67,34996.67,PAID,NONE,True,MATCHED
PAY00991,TXN00991,INV00991,2026-07-05,CUST0097,2692.64,INR,CARD,SUCCESS,SET00991,2026-07-08,2692.64,40.39,7.27,SETTLED,CUST0097,2692.64,2692.64,PAID,NONE,True,MATCHED
PAY00992,TXN00992,INV00992,2026-07-27,CUST0172,58081.11,INR,NETBANKING,SUCCESS,SET00992,2026-07-30,58081.11,871.22,156.82,SETTLED,CUST0172,58081.11,58081.11,PAID,NONE,True,MATCHED
PAY00993,TXN00993,INV00993,2026-08-05,CUST0272,44803.0,INR,NETBANKING,SUCCESS,SET00993,2026-08-06,44803.0,672.04,120.97,SETTLED,CUST0272,44803.0,44803.0,PAID,NONE,True,MATCHED
PAY00994,TXN00994,INV00994,2026-07-15,CUST0134,48682.19,INR,NETBANKING,SUCCESS,SET00994,2026-07-16,48682.19,730.23,131.44,SETTLED,CUST0134,48682.19,48682.19,PAID,NONE,True,MATCHED
PAY00995,TXN00995,INV00995,2026-07-19,CUST0181,45864.69,INR,CARD,SUCCESS,SET00995,2026-07-22,45864.69,687.97,123.83,SETTLED,CUST0181,45864.69,45864.69,PAID,NONE,True,MATCHED
PAY00996,TXN00996,INV00996,2026-07-19,CUST0275,18636.91,INR,CARD,SUCCESS,SET00996,2026-07-22,18636.91,279.55,50.32,SETTLED,CUST0275,18636.91,18636.91,PAID,NONE,True,MATCHED
PAY00997,TXN00997,INV00997,2026-07-11,CUST0079,24171.58,INR,UPI,SUCCESS,SET00997,2026-07-25,24171.58,362.57,65.26,SETTLED,CUST0079,24171.58,24171.58,PAID,DELAYED_SETTLEMENT,False,EXCEPTION
PAY00998,TXN00998,INV00998,2026-07-24,CUST0134,18857.41,INR,UPI,SUCCESS,SET00998,2026-07-25,18857.41,282.86,50.91,SETTLED,CUST0134,18857.41,18857.41,PAID,NONE,True,MATCHED
PAY00999,TXN00999,INV00999,2026-07-29,CUST0191,54216.73,INR,CARD,SUCCESS,SET00999,2026-07-30,54216.73,813.25,146.38,SETTLED,CUST0191,54216.73,54216.73,PAID,NONE,True,MATCHED
PAY01000,TXN01000,INV01000,2026-08-01,CUST0208,76967.56,INR,WALLET,SUCCESS,,,,,,,CUST0208,76967.56,76967.56,PAID,MISSING_SETTLEMENT,False,EXCEPTION
